date,total_vaccinations,people_fully_vaccinated,people_vaccinated,vaccine,location,source_url,total_boosters,iso_code
14/02/2021,0,0,0,Pfizer/BioNTech,Australia,https://covidlive.com.au/covid-live.json,,AUS
15/02/2021,0,0,0,Pfizer/BioNTech,Australia,https://covidlive.com.au/covid-live.json,,AUS
16/02/2021,0,0,0,Pfizer/BioNTech,Australia,https://covidlive.com.au/covid-live.json,,AUS
17/02/2021,0,0,0,Pfizer/BioNTech,Australia,https://covidlive.com.au/covid-live.json,,AUS
18/02/2021,0,0,0,Pfizer/BioNTech,Australia,https://covidlive.com.au/covid-live.json,,AUS
19/02/2021,0,0,0,Pfizer/BioNTech,Australia,https://covidlive.com.au/covid-live.json,,AUS
20/02/2021,0,0,0,Pfizer/BioNTech,Australia,https://covidlive.com.au/covid-live.json,,AUS
21/02/2021,20,0,20,Pfizer/BioNTech,Australia,https://covidlive.com.au/covid-live.json,,AUS
22/02/2021,2879,0,2879,Pfizer/BioNTech,Australia,https://covidlive.com.au/covid-live.json,,AUS
23/02/2021,6908,0,6908,Pfizer/BioNTech,Australia,https://covidlive.com.au/covid-live.json,,AUS
24/02/2021,17500,0,17500,Pfizer/BioNTech,Australia,https://covidlive.com.au/covid-live.json,,AUS
25/02/2021,25000,0,25000,Pfizer/BioNTech,Australia,https://covidlive.com.au/covid-live.json,,AUS
26/02/2021,30000,0,30000,Pfizer/BioNTech,Australia,https://covidlive.com.au/covid-live.json,,AUS
27/02/2021,31894,0,31894,Pfizer/BioNTech,Australia,https://covidlive.com.au/covid-live.json,,AUS
28/02/2021,33702,0,33702,Pfizer/BioNTech,Australia,https://covidlive.com.au/covid-live.json,,AUS
1/03/2021,41907,0,41907,Pfizer/BioNTech,Australia,https://covidlive.com.au/covid-live.json,,AUS
2/03/2021,50840,0,50840,Pfizer/BioNTech,Australia,https://covidlive.com.au/covid-live.json,,AUS
3/03/2021,61008,0,61008,Pfizer/BioNTech,Australia,https://covidlive.com.au/covid-live.json,,AUS
4/03/2021,71867,0,71867,Pfizer/BioNTech,Australia,https://covidlive.com.au/covid-live.json,,AUS
5/03/2021,76940,0,76940,Pfizer/BioNTech,Australia,https://covidlive.com.au/covid-live.json,,AUS
6/03/2021,81345,0,81345,"Moderna, Oxford/AstraZeneca, Pfizer/BioNTech",Australia,https://covidlive.com.au/covid-live.json,,AUS
7/03/2021,86369,0,86369,"Moderna, Oxford/AstraZeneca, Pfizer/BioNTech",Australia,https://covidlive.com.au/covid-live.json,,AUS
8/03/2021,94908,0,94908,"Moderna, Oxford/AstraZeneca, Pfizer/BioNTech",Australia,https://covidlive.com.au/covid-live.json,,AUS
9/03/2021,106200,0,106200,"Moderna, Oxford/AstraZeneca, Pfizer/BioNTech",Australia,https://covidlive.com.au/covid-live.json,,AUS
10/03/2021,125000,0,125000,"Moderna, Oxford/AstraZeneca, Pfizer/BioNTech",Australia,https://covidlive.com.au/covid-live.json,,AUS
11/03/2021,135103,0,135103,"Moderna, Oxford/AstraZeneca, Pfizer/BioNTech",Australia,https://covidlive.com.au/covid-live.json,,AUS
12/03/2021,159294,0,159294,"Moderna, Oxford/AstraZeneca, Pfizer/BioNTech",Australia,https://covidlive.com.au/covid-live.json,,AUS
13/03/2021,162551,,,"Moderna, Oxford/AstraZeneca, Pfizer/BioNTech",Australia,https://covidlive.com.au/covid-live.json,,AUS
14/03/2021,164781,,,"Moderna, Oxford/AstraZeneca, Pfizer/BioNTech",Australia,https://covidlive.com.au/covid-live.json,,AUS
15/03/2021,182437,,,"Moderna, Oxford/AstraZeneca, Pfizer/BioNTech",Australia,https://covidlive.com.au/covid-live.json,,AUS
16/03/2021,203557,,,"Moderna, Oxford/AstraZeneca, Pfizer/BioNTech",Australia,https://covidlive.com.au/covid-live.json,,AUS
17/03/2021,226057,,,"Moderna, Oxford/AstraZeneca, Pfizer/BioNTech",Australia,https://covidlive.com.au/covid-live.json,,AUS
18/03/2021,240754,,,"Moderna, Oxford/AstraZeneca, Pfizer/BioNTech",Australia,https://covidlive.com.au/covid-live.json,,AUS
19/03/2021,253831,,,"Moderna, Oxford/AstraZeneca, Pfizer/BioNTech",Australia,https://covidlive.com.au/covid-live.json,,AUS
20/03/2021,257019,,,"Moderna, Oxford/AstraZeneca, Pfizer/BioNTech",Australia,https://covidlive.com.au/covid-live.json,,AUS
21/03/2021,282184,,,"Moderna, Oxford/AstraZeneca, Pfizer/BioNTech",Australia,https://covidlive.com.au/covid-live.json,,AUS
22/03/2021,307525,,,"Moderna, Oxford/AstraZeneca, Pfizer/BioNTech",Australia,https://covidlive.com.au/covid-live.json,,AUS
23/03/2021,355254,,,"Moderna, Oxford/AstraZeneca, Pfizer/BioNTech",Australia,https://covidlive.com.au/covid-live.json,,AUS
24/03/2021,408410,,,"Moderna, Oxford/AstraZeneca, Pfizer/BioNTech",Australia,https://covidlive.com.au/covid-live.json,,AUS
25/03/2021,460155,,,"Moderna, Oxford/AstraZeneca, Pfizer/BioNTech",Australia,https://covidlive.com.au/covid-live.json,,AUS
26/03/2021,506465,,,"Moderna, Oxford/AstraZeneca, Pfizer/BioNTech",Australia,https://covidlive.com.au/covid-live.json,,AUS
27/03/2021,511520,,,"Moderna, Oxford/AstraZeneca, Pfizer/BioNTech",Australia,https://covidlive.com.au/covid-live.json,,AUS
28/03/2021,541761,,,"Moderna, Oxford/AstraZeneca, Pfizer/BioNTech",Australia,https://covidlive.com.au/covid-live.json,,AUS
29/03/2021,597523,,,"Moderna, Oxford/AstraZeneca, Pfizer/BioNTech",Australia,https://covidlive.com.au/covid-live.json,,AUS
30/03/2021,670349,,,"Moderna, Oxford/AstraZeneca, Pfizer/BioNTech",Australia,https://covidlive.com.au/covid-live.json,,AUS
31/03/2021,744328,,,"Moderna, Oxford/AstraZeneca, Pfizer/BioNTech",Australia,https://covidlive.com.au/covid-live.json,,AUS
1/04/2021,823611,,,"Moderna, Oxford/AstraZeneca, Pfizer/BioNTech",Australia,https://covidlive.com.au/covid-live.json,,AUS
2/04/2021,828416,,,"Moderna, Oxford/AstraZeneca, Pfizer/BioNTech",Australia,https://covidlive.com.au/covid-live.json,,AUS
3/04/2021,843182,,,"Moderna, Oxford/AstraZeneca, Pfizer/BioNTech",Australia,https://covidlive.com.au/covid-live.json,,AUS
4/04/2021,844309,,,"Moderna, Oxford/AstraZeneca, Pfizer/BioNTech",Australia,https://covidlive.com.au/covid-live.json,,AUS
5/04/2021,854983,,,"Moderna, Oxford/AstraZeneca, Pfizer/BioNTech",Australia,https://covidlive.com.au/covid-live.json,,AUS
6/04/2021,920334,,,"Moderna, Oxford/AstraZeneca, Pfizer/BioNTech",Australia,https://covidlive.com.au/covid-live.json,,AUS
7/04/2021,996145,,,"Moderna, Oxford/AstraZeneca, Pfizer/BioNTech",Australia,https://covidlive.com.au/covid-live.json,,AUS
8/04/2021,1077511,,,"Moderna, Oxford/AstraZeneca, Pfizer/BioNTech",Australia,https://covidlive.com.au/covid-live.json,,AUS
9/04/2021,1138866,,,"Moderna, Oxford/AstraZeneca, Pfizer/BioNTech",Australia,https://covidlive.com.au/covid-live.json,,AUS
10/04/2021,1166568,,,"Moderna, Oxford/AstraZeneca, Pfizer/BioNTech",Australia,https://covidlive.com.au/covid-live.json,,AUS
11/04/2021,1178302,,,"Moderna, Oxford/AstraZeneca, Pfizer/BioNTech",Australia,https://covidlive.com.au/covid-live.json,,AUS
12/04/2021,1234681,,,"Moderna, Oxford/AstraZeneca, Pfizer/BioNTech",Australia,https://covidlive.com.au/covid-live.json,,AUS
13/04/2021,1295672,,,"Moderna, Oxford/AstraZeneca, Pfizer/BioNTech",Australia,https://covidlive.com.au/covid-live.json,,AUS
14/04/2021,1359665,,,"Moderna, Oxford/AstraZeneca, Pfizer/BioNTech",Australia,https://covidlive.com.au/covid-live.json,,AUS
15/04/2021,1420577,,,"Moderna, Oxford/AstraZeneca, Pfizer/BioNTech",Australia,https://covidlive.com.au/covid-live.json,,AUS
16/04/2021,1474558,,,"Moderna, Oxford/AstraZeneca, Pfizer/BioNTech",Australia,https://covidlive.com.au/covid-live.json,,AUS
17/04/2021,1496912,,,"Moderna, Oxford/AstraZeneca, Pfizer/BioNTech",Australia,https://covidlive.com.au/covid-live.json,,AUS
18/04/2021,1586556,,,"Moderna, Oxford/AstraZeneca, Pfizer/BioNTech",Australia,https://covidlive.com.au/covid-live.json,,AUS
19/04/2021,1653286,,,"Moderna, Oxford/AstraZeneca, Pfizer/BioNTech",Australia,https://covidlive.com.au/covid-live.json,,AUS
20/04/2021,1718107,,,"Moderna, Oxford/AstraZeneca, Pfizer/BioNTech",Australia,https://covidlive.com.au/covid-live.json,,AUS
21/04/2021,1785338,,,"Moderna, Oxford/AstraZeneca, Pfizer/BioNTech",Australia,https://covidlive.com.au/covid-live.json,,AUS
22/04/2021,1855601,,,"Moderna, Oxford/AstraZeneca, Pfizer/BioNTech",Australia,https://covidlive.com.au/covid-live.json,,AUS
23/04/2021,1914047,,,"Moderna, Oxford/AstraZeneca, Pfizer/BioNTech",Australia,https://covidlive.com.au/covid-live.json,,AUS
24/04/2021,1934077,,,"Moderna, Oxford/AstraZeneca, Pfizer/BioNTech",Australia,https://covidlive.com.au/covid-live.json,,AUS
25/04/2021,1937485,,,"Moderna, Oxford/AstraZeneca, Pfizer/BioNTech",Australia,https://covidlive.com.au/covid-live.json,,AUS
26/04/2021,1969337,,,"Moderna, Oxford/AstraZeneca, Pfizer/BioNTech",Australia,https://covidlive.com.au/covid-live.json,,AUS
27/04/2021,2029544,,,"Moderna, Oxford/AstraZeneca, Pfizer/BioNTech",Australia,https://covidlive.com.au/covid-live.json,,AUS
28/04/2021,2112285,,,"Moderna, Oxford/AstraZeneca, Pfizer/BioNTech",Australia,https://covidlive.com.au/covid-live.json,,AUS
29/04/2021,2179544,,,"Moderna, Oxford/AstraZeneca, Pfizer/BioNTech",Australia,https://covidlive.com.au/covid-live.json,,AUS
30/04/2021,2234844,,,"Moderna, Oxford/AstraZeneca, Pfizer/BioNTech",Australia,https://covidlive.com.au/covid-live.json,,AUS
1/05/2021,2254074,,,"Moderna, Oxford/AstraZeneca, Pfizer/BioNTech",Australia,https://covidlive.com.au/covid-live.json,,AUS
2/05/2021,2260615,,,"Moderna, Oxford/AstraZeneca, Pfizer/BioNTech",Australia,https://covidlive.com.au/covid-live.json,,AUS
3/05/2021,2316969,,,"Moderna, Oxford/AstraZeneca, Pfizer/BioNTech",Australia,https://covidlive.com.au/covid-live.json,,AUS
4/05/2021,2396314,,,"Moderna, Oxford/AstraZeneca, Pfizer/BioNTech",Australia,https://covidlive.com.au/covid-live.json,,AUS
5/05/2021,2473529,,,"Moderna, Oxford/AstraZeneca, Pfizer/BioNTech",Australia,https://covidlive.com.au/covid-live.json,,AUS
6/05/2021,2554531,,,"Moderna, Oxford/AstraZeneca, Pfizer/BioNTech",Australia,https://covidlive.com.au/covid-live.json,,AUS
7/05/2021,2627725,,,"Moderna, Oxford/AstraZeneca, Pfizer/BioNTech",Australia,https://covidlive.com.au/covid-live.json,,AUS
8/05/2021,2654338,,,"Moderna, Oxford/AstraZeneca, Pfizer/BioNTech",Australia,https://covidlive.com.au/covid-live.json,,AUS
9/05/2021,2663221,,,"Moderna, Oxford/AstraZeneca, Pfizer/BioNTech",Australia,https://covidlive.com.au/covid-live.json,,AUS
10/05/2021,2736107,,,"Moderna, Oxford/AstraZeneca, Pfizer/BioNTech",Australia,https://covidlive.com.au/covid-live.json,,AUS
11/05/2021,2812486,,,"Moderna, Oxford/AstraZeneca, Pfizer/BioNTech",Australia,https://covidlive.com.au/covid-live.json,,AUS
12/05/2021,2894770,,,"Moderna, Oxford/AstraZeneca, Pfizer/BioNTech",Australia,https://covidlive.com.au/covid-live.json,,AUS
13/05/2021,2978265,,,"Moderna, Oxford/AstraZeneca, Pfizer/BioNTech",Australia,https://covidlive.com.au/covid-live.json,,AUS
14/05/2021,3056797,,,"Moderna, Oxford/AstraZeneca, Pfizer/BioNTech",Australia,https://covidlive.com.au/covid-live.json,,AUS
15/05/2021,3089184,,,"Moderna, Oxford/AstraZeneca, Pfizer/BioNTech",Australia,https://covidlive.com.au/covid-live.json,,AUS
16/05/2021,3100137,,,"Moderna, Oxford/AstraZeneca, Pfizer/BioNTech",Australia,https://covidlive.com.au/covid-live.json,,AUS
17/05/2021,3183324,,,"Moderna, Oxford/AstraZeneca, Pfizer/BioNTech",Australia,https://covidlive.com.au/covid-live.json,,AUS
18/05/2021,3278854,,,"Moderna, Oxford/AstraZeneca, Pfizer/BioNTech",Australia,https://covidlive.com.au/covid-live.json,,AUS
19/05/2021,3371728,,,"Moderna, Oxford/AstraZeneca, Pfizer/BioNTech",Australia,https://covidlive.com.au/covid-live.json,,AUS
20/05/2021,3472874,,,"Moderna, Oxford/AstraZeneca, Pfizer/BioNTech",Australia,https://covidlive.com.au/covid-live.json,,AUS
21/05/2021,3562495,,,"Moderna, Oxford/AstraZeneca, Pfizer/BioNTech",Australia,https://covidlive.com.au/covid-live.json,,AUS
23/05/2021,3613053,416293,3196760,"Moderna, Oxford/AstraZeneca, Pfizer/BioNTech",Australia,https://covidlive.com.au/covid-live.json,,AUS
24/05/2021,3690622,419237,3271385,"Moderna, Oxford/AstraZeneca, Pfizer/BioNTech",Australia,https://covidlive.com.au/covid-live.json,,AUS
25/05/2021,3795280,472882,3322398,"Moderna, Oxford/AstraZeneca, Pfizer/BioNTech",Australia,https://covidlive.com.au/covid-live.json,,AUS
26/05/2021,3906668,481681,3424987,"Moderna, Oxford/AstraZeneca, Pfizer/BioNTech",Australia,https://covidlive.com.au/covid-live.json,,AUS
27/05/2021,4031539,491319,3540220,"Moderna, Oxford/AstraZeneca, Pfizer/BioNTech",Australia,https://covidlive.com.au/covid-live.json,,AUS
28/05/2021,4153149,496024,3657125,"Moderna, Oxford/AstraZeneca, Pfizer/BioNTech",Australia,https://covidlive.com.au/covid-live.json,,AUS
29/05/2021,4212899,497821,3715078,"Moderna, Oxford/AstraZeneca, Pfizer/BioNTech",Australia,https://covidlive.com.au/covid-live.json,,AUS
30/05/2021,4243600,499237,3744363,"Moderna, Oxford/AstraZeneca, Pfizer/BioNTech",Australia,https://covidlive.com.au/covid-live.json,,AUS
31/05/2021,4362739,502968,3859771,"Moderna, Oxford/AstraZeneca, Pfizer/BioNTech",Australia,https://covidlive.com.au/covid-live.json,,AUS
1/06/2021,4501444,540631,3960813,"Moderna, Oxford/AstraZeneca, Pfizer/BioNTech",Australia,https://covidlive.com.au/covid-live.json,,AUS
2/06/2021,4642703,548892,4093811,"Moderna, Oxford/AstraZeneca, Pfizer/BioNTech",Australia,https://covidlive.com.au/covid-live.json,,AUS
3/06/2021,4786362,557475,4228887,"Moderna, Oxford/AstraZeneca, Pfizer/BioNTech",Australia,https://covidlive.com.au/covid-live.json,,AUS
4/06/2021,4927607,564816,4362791,"Moderna, Oxford/AstraZeneca, Pfizer/BioNTech",Australia,https://covidlive.com.au/covid-live.json,,AUS
5/06/2021,5016352,568490,4447862,"Moderna, Oxford/AstraZeneca, Pfizer/BioNTech",Australia,https://covidlive.com.au/covid-live.json,,AUS
6/06/2021,5076413,575984,4500429,"Moderna, Oxford/AstraZeneca, Pfizer/BioNTech",Australia,https://covidlive.com.au/covid-live.json,,AUS
7/06/2021,5203977,635116,4568861,"Moderna, Oxford/AstraZeneca, Pfizer/BioNTech",Australia,https://covidlive.com.au/covid-live.json,,AUS
8/06/2021,5344862,649574,4695288,"Moderna, Oxford/AstraZeneca, Pfizer/BioNTech",Australia,https://covidlive.com.au/covid-live.json,,AUS
9/06/2021,5487670,656482,4831188,"Moderna, Oxford/AstraZeneca, Pfizer/BioNTech",Australia,https://covidlive.com.au/covid-live.json,,AUS
10/06/2021,5641008,668997,4972011,"Moderna, Oxford/AstraZeneca, Pfizer/BioNTech",Australia,https://covidlive.com.au/covid-live.json,,AUS
11/06/2021,5773924,683397,5090527,"Moderna, Oxford/AstraZeneca, Pfizer/BioNTech",Australia,https://covidlive.com.au/covid-live.json,,AUS
12/06/2021,5834746,693242,5141504,"Moderna, Oxford/AstraZeneca, Pfizer/BioNTech",Australia,https://covidlive.com.au/covid-live.json,,AUS
13/06/2021,5867299,694872,5172427,"Moderna, Oxford/AstraZeneca, Pfizer/BioNTech",Australia,https://covidlive.com.au/covid-live.json,,AUS
14/06/2021,5931245,698892,5232353,"Moderna, Oxford/AstraZeneca, Pfizer/BioNTech",Australia,https://covidlive.com.au/covid-live.json,,AUS
15/06/2021,6083320,778333,5304987,"Moderna, Oxford/AstraZeneca, Pfizer/BioNTech",Australia,https://covidlive.com.au/covid-live.json,,AUS
16/06/2021,6219330,800566,5418764,"Moderna, Oxford/AstraZeneca, Pfizer/BioNTech",Australia,https://covidlive.com.au/covid-live.json,,AUS
17/06/2021,6360666,821007,5539659,"Moderna, Oxford/AstraZeneca, Pfizer/BioNTech",Australia,https://covidlive.com.au/covid-live.json,,AUS
21/06/2021,6719384,1087344,5632040,"Moderna, Oxford/AstraZeneca, Pfizer/BioNTech",Australia,https://covidlive.com.au/covid-live.json,,AUS
22/06/2021,6860276,1114401,5745875,"Moderna, Oxford/AstraZeneca, Pfizer/BioNTech",Australia,https://covidlive.com.au/covid-live.json,,AUS
23/06/2021,6999198,1130791,5868407,"Moderna, Oxford/AstraZeneca, Pfizer/BioNTech",Australia,https://covidlive.com.au/covid-live.json,,AUS
24/06/2021,7137632,1169716,5967916,"Moderna, Oxford/AstraZeneca, Pfizer/BioNTech",Australia,https://covidlive.com.au/covid-live.json,,AUS
28/06/2021,7500700,1477360,6023340,"Moderna, Oxford/AstraZeneca, Pfizer/BioNTech",Australia,https://covidlive.com.au/covid-live.json,,AUS
29/06/2021,7645585,1501475,6144110,"Moderna, Oxford/AstraZeneca, Pfizer/BioNTech",Australia,https://covidlive.com.au/covid-live.json,,AUS
1/07/2021,7970153,1726030,6244123,"Moderna, Oxford/AstraZeneca, Pfizer/BioNTech",Australia,https://covidlive.com.au/covid-live.json,,AUS
2/07/2021,8121649,1807994,6313655,"Moderna, Oxford/AstraZeneca, Pfizer/BioNTech",Australia,https://covidlive.com.au/covid-live.json,,AUS
3/07/2021,8201367,1855470,6345897,"Moderna, Oxford/AstraZeneca, Pfizer/BioNTech",Australia,https://covidlive.com.au/covid-live.json,,AUS
4/07/2021,8255473,1877342,6378131,"Moderna, Oxford/AstraZeneca, Pfizer/BioNTech",Australia,https://covidlive.com.au/covid-live.json,,AUS
5/07/2021,8402191,1943939,6458252,"Moderna, Oxford/AstraZeneca, Pfizer/BioNTech",Australia,https://covidlive.com.au/covid-live.json,,AUS
6/07/2021,8567666,2023638,6544028,"Moderna, Oxford/AstraZeneca, Pfizer/BioNTech",Australia,https://covidlive.com.au/covid-live.json,,AUS
7/07/2021,8706799,2099169,6607630,"Moderna, Oxford/AstraZeneca, Pfizer/BioNTech",Australia,https://covidlive.com.au/covid-live.json,,AUS
8/07/2021,8871572,2180230,6691342,"Moderna, Oxford/AstraZeneca, Pfizer/BioNTech",Australia,https://covidlive.com.au/covid-live.json,,AUS
9/07/2021,9014072,2254272,6759800,"Moderna, Oxford/AstraZeneca, Pfizer/BioNTech",Australia,https://covidlive.com.au/covid-live.json,,AUS
10/07/2021,9097969,2303513,6794456,"Moderna, Oxford/AstraZeneca, Pfizer/BioNTech",Australia,https://covidlive.com.au/covid-live.json,,AUS
11/07/2021,9149817,2325386,6824431,"Moderna, Oxford/AstraZeneca, Pfizer/BioNTech",Australia,https://covidlive.com.au/covid-live.json,,AUS
12/07/2021,9304026,2400432,6903594,"Moderna, Oxford/AstraZeneca, Pfizer/BioNTech",Australia,https://covidlive.com.au/covid-live.json,,AUS
13/07/2021,9469145,2488298,6980847,"Moderna, Oxford/AstraZeneca, Pfizer/BioNTech",Australia,https://covidlive.com.au/covid-live.json,,AUS
14/07/2021,9631807,2578152,7053655,"Moderna, Oxford/AstraZeneca, Pfizer/BioNTech",Australia,https://covidlive.com.au/covid-live.json,,AUS
15/07/2021,9806809,2669571,7137238,"Moderna, Oxford/AstraZeneca, Pfizer/BioNTech",Australia,https://covidlive.com.au/covid-live.json,,AUS
16/07/2021,9970746,2753119,7217627,"Moderna, Oxford/AstraZeneca, Pfizer/BioNTech",Australia,https://covidlive.com.au/covid-live.json,,AUS
17/07/2021,10067446,2801465,7265981,"Moderna, Oxford/AstraZeneca, Pfizer/BioNTech",Australia,https://covidlive.com.au/covid-live.json,,AUS
18/07/2021,10125533,2827855,7297678,"Moderna, Oxford/AstraZeneca, Pfizer/BioNTech",Australia,https://covidlive.com.au/covid-live.json,,AUS
19/07/2021,10295444,2906341,7389103,"Moderna, Oxford/AstraZeneca, Pfizer/BioNTech",Australia,https://covidlive.com.au/covid-live.json,,AUS
20/07/2021,10470033,2994218,7475815,"Moderna, Oxford/AstraZeneca, Pfizer/BioNTech",Australia,https://covidlive.com.au/covid-live.json,,AUS
21/07/2021,10654563,3089644,7564919,"Moderna, Oxford/AstraZeneca, Pfizer/BioNTech",Australia,https://covidlive.com.au/covid-live.json,,AUS
22/07/2021,10850993,3182918,7668075,"Moderna, Oxford/AstraZeneca, Pfizer/BioNTech",Australia,https://covidlive.com.au/covid-live.json,,AUS
23/07/2021,11032835,3271447,7761388,"Moderna, Oxford/AstraZeneca, Pfizer/BioNTech",Australia,https://covidlive.com.au/covid-live.json,,AUS
24/07/2021,11140511,3326691,7813820,"Moderna, Oxford/AstraZeneca, Pfizer/BioNTech",Australia,https://covidlive.com.au/covid-live.json,,AUS
25/07/2021,11211447,3358477,7852970,"Moderna, Oxford/AstraZeneca, Pfizer/BioNTech",Australia,https://covidlive.com.au/covid-live.json,,AUS
26/07/2021,11396784,3444461,7952323,"Moderna, Oxford/AstraZeneca, Pfizer/BioNTech",Australia,https://covidlive.com.au/covid-live.json,,AUS
27/07/2021,11593766,3544484,8049282,"Moderna, Oxford/AstraZeneca, Pfizer/BioNTech",Australia,https://covidlive.com.au/covid-live.json,,AUS
28/07/2021,11795236,3656540,8138696,"Moderna, Oxford/AstraZeneca, Pfizer/BioNTech",Australia,https://covidlive.com.au/covid-live.json,,AUS
29/07/2021,12005978,3762007,8243971,"Moderna, Oxford/AstraZeneca, Pfizer/BioNTech",Australia,https://covidlive.com.au/covid-live.json,,AUS
30/07/2021,12206684,3865785,8340899,"Moderna, Oxford/AstraZeneca, Pfizer/BioNTech",Australia,https://covidlive.com.au/covid-live.json,,AUS
31/07/2021,12317727,3927056,8390671,"Moderna, Oxford/AstraZeneca, Pfizer/BioNTech",Australia,https://covidlive.com.au/covid-live.json,,AUS
1/08/2021,12393893,3964723,8429170,"Moderna, Oxford/AstraZeneca, Pfizer/BioNTech",Australia,https://covidlive.com.au/covid-live.json,,AUS
2/08/2021,12594451,4061924,8532527,"Moderna, Oxford/AstraZeneca, Pfizer/BioNTech",Australia,https://covidlive.com.au/covid-live.json,,AUS
3/08/2021,12808398,4174026,8634372,"Moderna, Oxford/AstraZeneca, Pfizer/BioNTech",Australia,https://covidlive.com.au/covid-live.json,,AUS
4/08/2021,13030257,4289820,8740437,"Moderna, Oxford/AstraZeneca, Pfizer/BioNTech",Australia,https://covidlive.com.au/covid-live.json,,AUS
5/08/2021,13270296,4408805,8861491,"Moderna, Oxford/AstraZeneca, Pfizer/BioNTech",Australia,https://covidlive.com.au/covid-live.json,,AUS
6/08/2021,13496355,4526588,8969767,"Moderna, Oxford/AstraZeneca, Pfizer/BioNTech",Australia,https://covidlive.com.au/covid-live.json,,AUS
7/08/2021,13636580,4611321,9025259,"Moderna, Oxford/AstraZeneca, Pfizer/BioNTech",Australia,https://covidlive.com.au/covid-live.json,,AUS
8/08/2021,13723146,4651958,9071188,"Moderna, Oxford/AstraZeneca, Pfizer/BioNTech",Australia,https://covidlive.com.au/covid-live.json,,AUS
9/08/2021,13958045,4761140,9196905,"Moderna, Oxford/AstraZeneca, Pfizer/BioNTech",Australia,https://covidlive.com.au/covid-live.json,,AUS
10/08/2021,14214009,4892237,9321772,"Moderna, Oxford/AstraZeneca, Pfizer/BioNTech",Australia,https://covidlive.com.au/covid-live.json,,AUS
11/08/2021,14476323,5023297,9453026,"Moderna, Oxford/AstraZeneca, Pfizer/BioNTech",Australia,https://covidlive.com.au/covid-live.json,,AUS
12/08/2021,14747221,5158400,9588821,"Moderna, Oxford/AstraZeneca, Pfizer/BioNTech",Australia,https://covidlive.com.au/covid-live.json,,AUS
13/08/2021,15012023,5295788,9716235,"Moderna, Oxford/AstraZeneca, Pfizer/BioNTech",Australia,https://covidlive.com.au/covid-live.json,,AUS
14/08/2021,15175199,5372888,9802311,"Moderna, Oxford/AstraZeneca, Pfizer/BioNTech",Australia,https://covidlive.com.au/covid-live.json,,AUS
15/08/2021,15338926,5409686,9929240,"Moderna, Oxford/AstraZeneca, Pfizer/BioNTech",Australia,https://covidlive.com.au/covid-live.json,,AUS
16/08/2021,15618391,5542237,10076154,"Moderna, Oxford/AstraZeneca, Pfizer/BioNTech",Australia,https://covidlive.com.au/covid-live.json,,AUS
17/08/2021,15892260,5671442,10220818,"Moderna, Oxford/AstraZeneca, Pfizer/BioNTech",Australia,https://covidlive.com.au/covid-live.json,,AUS
18/08/2021,16201270,5815832,10385438,"Moderna, Oxford/AstraZeneca, Pfizer/BioNTech",Australia,https://covidlive.com.au/covid-live.json,,AUS
19/08/2021,16504574,5958723,10545851,"Moderna, Oxford/AstraZeneca, Pfizer/BioNTech",Australia,https://covidlive.com.au/covid-live.json,,AUS
20/08/2021,16815098,6103421,10711677,"Moderna, Oxford/AstraZeneca, Pfizer/BioNTech",Australia,https://covidlive.com.au/covid-live.json,,AUS
21/08/2021,17011099,6190566,10820533,"Moderna, Oxford/AstraZeneca, Pfizer/BioNTech",Australia,https://covidlive.com.au/covid-live.json,,AUS
22/08/2021,17150654,6240640,10910014,"Moderna, Oxford/AstraZeneca, Pfizer/BioNTech",Australia,https://covidlive.com.au/covid-live.json,,AUS
23/08/2021,17440596,6368421,11072175,"Moderna, Oxford/AstraZeneca, Pfizer/BioNTech",Australia,https://covidlive.com.au/covid-live.json,,AUS
24/08/2021,17747787,6508204,11239583,"Moderna, Oxford/AstraZeneca, Pfizer/BioNTech",Australia,https://covidlive.com.au/covid-live.json,,AUS
25/08/2021,18083207,6661200,11422007,"Moderna, Oxford/AstraZeneca, Pfizer/BioNTech",Australia,https://covidlive.com.au/covid-live.json,,AUS
26/08/2021,18390297,6808469,11581828,"Moderna, Oxford/AstraZeneca, Pfizer/BioNTech",Australia,https://covidlive.com.au/covid-live.json,,AUS
27/08/2021,18706627,6950122,11756505,"Moderna, Oxford/AstraZeneca, Pfizer/BioNTech",Australia,https://covidlive.com.au/covid-live.json,,AUS
28/08/2021,18927313,7044253,11883060,"Moderna, Oxford/AstraZeneca, Pfizer/BioNTech",Australia,https://covidlive.com.au/covid-live.json,,AUS
29/08/2021,19085741,7095576,11990165,"Moderna, Oxford/AstraZeneca, Pfizer/BioNTech",Australia,https://covidlive.com.au/covid-live.json,,AUS
30/08/2021,19362666,7222529,12140137,"Moderna, Oxford/AstraZeneca, Pfizer/BioNTech",Australia,https://covidlive.com.au/covid-live.json,,AUS
31/08/2021,19697498,7369320,12328178,"Moderna, Oxford/AstraZeneca, Pfizer/BioNTech",Australia,https://covidlive.com.au/covid-live.json,,AUS
1/09/2021,20028084,7512554,12515530,"Moderna, Oxford/AstraZeneca, Pfizer/BioNTech",Australia,https://covidlive.com.au/covid-live.json,,AUS
2/09/2021,20329483,7653638,12675845,"Moderna, Oxford/AstraZeneca, Pfizer/BioNTech",Australia,https://covidlive.com.au/covid-live.json,,AUS
3/09/2021,20641758,7793356,12848402,"Moderna, Oxford/AstraZeneca, Pfizer/BioNTech",Australia,https://covidlive.com.au/covid-live.json,,AUS
4/09/2021,20855353,7879487,12975866,"Moderna, Oxford/AstraZeneca, Pfizer/BioNTech",Australia,https://covidlive.com.au/covid-live.json,,AUS
5/09/2021,20985989,7924726,13061263,"Moderna, Oxford/AstraZeneca, Pfizer/BioNTech",Australia,https://covidlive.com.au/covid-live.json,,AUS
6/09/2021,21244935,8046566,13198369,"Moderna, Oxford/AstraZeneca, Pfizer/BioNTech",Australia,https://covidlive.com.au/covid-live.json,,AUS
7/09/2021,21539586,8186949,13352637,"Moderna, Oxford/AstraZeneca, Pfizer/BioNTech",Australia,https://covidlive.com.au/covid-live.json,,AUS
8/09/2021,21850954,8330598,13520356,"Moderna, Oxford/AstraZeneca, Pfizer/BioNTech",Australia,https://covidlive.com.au/covid-live.json,,AUS
9/09/2021,22170011,8482722,13687289,"Moderna, Oxford/AstraZeneca, Pfizer/BioNTech",Australia,https://covidlive.com.au/covid-live.json,,AUS
10/09/2021,22473563,8631565,13841998,"Moderna, Oxford/AstraZeneca, Pfizer/BioNTech",Australia,https://covidlive.com.au/covid-live.json,,AUS
11/09/2021,22669372,8720390,13948982,"Moderna, Oxford/AstraZeneca, Pfizer/BioNTech",Australia,https://covidlive.com.au/covid-live.json,,AUS
12/09/2021,22802573,8773858,14028715,"Moderna, Oxford/AstraZeneca, Pfizer/BioNTech",Australia,https://covidlive.com.au/covid-live.json,,AUS
13/09/2021,23078749,8921250,14157499,"Moderna, Oxford/AstraZeneca, Pfizer/BioNTech",Australia,https://covidlive.com.au/covid-live.json,,AUS
14/09/2021,23362740,9066250,14296490,"Moderna, Oxford/AstraZeneca, Pfizer/BioNTech",Australia,https://covidlive.com.au/covid-live.json,,AUS
15/09/2021,23751922,9215782,14536140,"Moderna, Oxford/AstraZeneca, Pfizer/BioNTech",Australia,https://covidlive.com.au/covid-live.json,,AUS
16/09/2021,24054063,9360385,14693678,"Moderna, Oxford/AstraZeneca, Pfizer/BioNTech",Australia,https://covidlive.com.au/covid-live.json,,AUS
17/09/2021,24392438,9529749,14862689,"Moderna, Oxford/AstraZeneca, Pfizer/BioNTech",Australia,https://covidlive.com.au/covid-live.json,,AUS
18/09/2021,24619474,9633085,14986389,"Moderna, Oxford/AstraZeneca, Pfizer/BioNTech",Australia,https://covidlive.com.au/covid-live.json,,AUS
19/09/2021,24792054,9700423,15091631,"Moderna, Oxford/AstraZeneca, Pfizer/BioNTech",Australia,https://covidlive.com.au/covid-live.json,,AUS
20/09/2021,25113222,9853616,15259606,"Moderna, Oxford/AstraZeneca, Pfizer/BioNTech",Australia,https://covidlive.com.au/covid-live.json,,AUS
21/09/2021,25445232,10018707,15426525,"Moderna, Oxford/AstraZeneca, Pfizer/BioNTech",Australia,https://covidlive.com.au/covid-live.json,,AUS
22/09/2021,25782517,10183666,15598851,"Moderna, Oxford/AstraZeneca, Pfizer/BioNTech",Australia,https://covidlive.com.au/covid-live.json,,AUS
23/09/2021,26130313,10355227,15775086,"Moderna, Oxford/AstraZeneca, Pfizer/BioNTech",Australia,https://covidlive.com.au/covid-live.json,,AUS
24/09/2021,26441588,10522536,15919052,"Moderna, Oxford/AstraZeneca, Pfizer/BioNTech",Australia,https://covidlive.com.au/covid-live.json,,AUS
25/09/2021,26660961,10634837,16026124,"Moderna, Oxford/AstraZeneca, Pfizer/BioNTech",Australia,https://covidlive.com.au/covid-live.json,,AUS
26/09/2021,26806343,10703942,16102401,"Moderna, Oxford/AstraZeneca, Pfizer/BioNTech",Australia,https://covidlive.com.au/covid-live.json,,AUS
27/09/2021,27109766,10861999,16247767,"Moderna, Oxford/AstraZeneca, Pfizer/BioNTech",Australia,https://covidlive.com.au/covid-live.json,,AUS
28/09/2021,27441696,11039616,16402080,"Moderna, Oxford/AstraZeneca, Pfizer/BioNTech",Australia,https://covidlive.com.au/covid-live.json,,AUS
29/09/2021,27750501,11202638,16547863,"Moderna, Oxford/AstraZeneca, Pfizer/BioNTech",Australia,https://covidlive.com.au/covid-live.json,,AUS
30/09/2021,28091630,11386339,16705291,"Moderna, Oxford/AstraZeneca, Pfizer/BioNTech",Australia,https://covidlive.com.au/covid-live.json,,AUS
1/10/2021,28419347,11571446,16847901,"Moderna, Oxford/AstraZeneca, Pfizer/BioNTech",Australia,https://covidlive.com.au/covid-live.json,,AUS
2/10/2021,28630736,11689936,16940800,"Moderna, Oxford/AstraZeneca, Pfizer/BioNTech",Australia,https://covidlive.com.au/covid-live.json,,AUS
3/10/2021,28769273,11766864,17002409,"Moderna, Oxford/AstraZeneca, Pfizer/BioNTech",Australia,https://covidlive.com.au/covid-live.json,,AUS
4/10/2021,28955015,11868894,17086121,"Moderna, Oxford/AstraZeneca, Pfizer/BioNTech",Australia,https://covidlive.com.au/covid-live.json,,AUS
5/10/2021,29305871,12084896,17220975,"Moderna, Oxford/AstraZeneca, Pfizer/BioNTech",Australia,https://covidlive.com.au/covid-live.json,,AUS
6/10/2021,29642430,12293262,17349168,"Moderna, Oxford/AstraZeneca, Pfizer/BioNTech",Australia,https://covidlive.com.au/covid-live.json,,AUS
7/10/2021,29973051,12503241,17469810,"Moderna, Oxford/AstraZeneca, Pfizer/BioNTech",Australia,https://covidlive.com.au/covid-live.json,,AUS
8/10/2021,30304350,12720856,17583494,"Moderna, Oxford/AstraZeneca, Pfizer/BioNTech",Australia,https://covidlive.com.au/covid-live.json,,AUS
9/10/2021,30540757,12883681,17657076,"Moderna, Oxford/AstraZeneca, Pfizer/BioNTech",Australia,https://covidlive.com.au/covid-live.json,,AUS
10/10/2021,30706847,12998286,17708561,"Moderna, Oxford/AstraZeneca, Pfizer/BioNTech",Australia,https://covidlive.com.au/covid-live.json,,AUS
11/10/2021,31020482,13212457,17808025,"Moderna, Oxford/AstraZeneca, Pfizer/BioNTech",Australia,https://covidlive.com.au/covid-live.json,,AUS
12/10/2021,31358609,13446945,17911664,"Moderna, Oxford/AstraZeneca, Pfizer/BioNTech",Australia,https://covidlive.com.au/covid-live.json,,AUS
13/10/2021,31679382,13672371,18007011,"Moderna, Oxford/AstraZeneca, Pfizer/BioNTech",Australia,https://covidlive.com.au/covid-live.json,,AUS
14/10/2021,31994741,13891163,18103578,"Moderna, Oxford/AstraZeneca, Pfizer/BioNTech",Australia,https://covidlive.com.au/covid-live.json,,AUS
15/10/2021,32296435,14101561,18194874,"Moderna, Oxford/AstraZeneca, Pfizer/BioNTech",Australia,https://covidlive.com.au/covid-live.json,,AUS
16/10/2021,32494119,14245406,18248713,"Moderna, Oxford/AstraZeneca, Pfizer/BioNTech",Australia,https://covidlive.com.au/covid-live.json,,AUS
17/10/2021,32653925,14360419,18293506,"Moderna, Oxford/AstraZeneca, Pfizer/BioNTech",Australia,https://covidlive.com.au/covid-live.json,,AUS
18/10/2021,32934298,14558572,18375726,"Moderna, Oxford/AstraZeneca, Pfizer/BioNTech",Australia,https://covidlive.com.au/covid-live.json,,AUS
19/10/2021,33212170,14753069,18459101,"Moderna, Oxford/AstraZeneca, Pfizer/BioNTech",Australia,https://covidlive.com.au/covid-live.json,,AUS
20/10/2021,33489485,14946699,18542786,"Moderna, Oxford/AstraZeneca, Pfizer/BioNTech",Australia,https://covidlive.com.au/covid-live.json,,AUS
21/10/2021,33770321,15144905,18625416,"Moderna, Oxford/AstraZeneca, Pfizer/BioNTech",Australia,https://covidlive.com.au/covid-live.json,,AUS
22/10/2021,34044182,15342065,18702117,"Moderna, Oxford/AstraZeneca, Pfizer/BioNTech",Australia,https://covidlive.com.au/covid-live.json,,AUS
23/10/2021,34238479,15484232,18754247,"Moderna, Oxford/AstraZeneca, Pfizer/BioNTech",Australia,https://covidlive.com.au/covid-live.json,,AUS
24/10/2021,34364950,15569263,18795687,"Moderna, Oxford/AstraZeneca, Pfizer/BioNTech",Australia,https://covidlive.com.au/covid-live.json,,AUS
25/10/2021,34600572,15733744,18866828,"Moderna, Oxford/AstraZeneca, Pfizer/BioNTech",Australia,https://covidlive.com.au/covid-live.json,,AUS
