date,total_vaccinations,people_vaccinated,people_fully_vaccinated,total_boosters,vaccine,location,source_url,,iso_code
27/12/2020,425,425,0,0,Pfizer/BioNTech,France,https://www.data.gouv.fr/fr/datasets/donnees-relatives-aux-personnes-vaccinees-contre-la-covid-19-1/,,FRA
28/12/2020,865,865,0,0,Pfizer/BioNTech,France,https://www.data.gouv.fr/fr/datasets/donnees-relatives-aux-personnes-vaccinees-contre-la-covid-19-1/,,FRA
29/12/2020,1146,1146,0,0,Pfizer/BioNTech,France,https://www.data.gouv.fr/fr/datasets/donnees-relatives-aux-personnes-vaccinees-contre-la-covid-19-1/,,FRA
30/12/2020,1480,1480,0,0,Pfizer/BioNTech,France,https://www.data.gouv.fr/fr/datasets/donnees-relatives-aux-personnes-vaccinees-contre-la-covid-19-1/,,FRA
31/12/2020,1752,1752,0,0,Pfizer/BioNTech,France,https://www.data.gouv.fr/fr/datasets/donnees-relatives-aux-personnes-vaccinees-contre-la-covid-19-1/,,FRA
1/01/2021,2065,2065,0,0,Pfizer/BioNTech,France,https://www.data.gouv.fr/fr/datasets/donnees-relatives-aux-personnes-vaccinees-contre-la-covid-19-1/,,FRA
2/01/2021,2318,2318,0,0,Pfizer/BioNTech,France,https://www.data.gouv.fr/fr/datasets/donnees-relatives-aux-personnes-vaccinees-contre-la-covid-19-1/,,FRA
3/01/2021,2600,2600,0,0,Pfizer/BioNTech,France,https://www.data.gouv.fr/fr/datasets/donnees-relatives-aux-personnes-vaccinees-contre-la-covid-19-1/,,FRA
4/01/2021,4392,4392,0,0,Pfizer/BioNTech,France,https://www.data.gouv.fr/fr/datasets/donnees-relatives-aux-personnes-vaccinees-contre-la-covid-19-1/,,FRA
5/01/2021,10124,10124,0,0,Pfizer/BioNTech,France,https://www.data.gouv.fr/fr/datasets/donnees-relatives-aux-personnes-vaccinees-contre-la-covid-19-1/,,FRA
6/01/2021,21757,21757,0,0,Pfizer/BioNTech,France,https://www.data.gouv.fr/fr/datasets/donnees-relatives-aux-personnes-vaccinees-contre-la-covid-19-1/,,FRA
7/01/2021,50854,50854,0,0,Pfizer/BioNTech,France,https://www.data.gouv.fr/fr/datasets/donnees-relatives-aux-personnes-vaccinees-contre-la-covid-19-1/,,FRA
8/01/2021,87611,87611,0,0,Pfizer/BioNTech,France,https://www.data.gouv.fr/fr/datasets/donnees-relatives-aux-personnes-vaccinees-contre-la-covid-19-1/,,FRA
9/01/2021,98706,98706,0,0,Pfizer/BioNTech,France,https://www.data.gouv.fr/fr/datasets/donnees-relatives-aux-personnes-vaccinees-contre-la-covid-19-1/,,FRA
10/01/2021,104483,104483,0,0,Pfizer/BioNTech,France,https://www.data.gouv.fr/fr/datasets/donnees-relatives-aux-personnes-vaccinees-contre-la-covid-19-1/,,FRA
11/01/2021,144139,144139,0,0,Pfizer/BioNTech,France,https://www.data.gouv.fr/fr/datasets/donnees-relatives-aux-personnes-vaccinees-contre-la-covid-19-1/,,FRA
12/01/2021,205854,205854,0,0,Pfizer/BioNTech,France,https://www.data.gouv.fr/fr/datasets/donnees-relatives-aux-personnes-vaccinees-contre-la-covid-19-1/,,FRA
13/01/2021,270519,270519,0,0,Pfizer/BioNTech,France,https://www.data.gouv.fr/fr/datasets/donnees-relatives-aux-personnes-vaccinees-contre-la-covid-19-1/,,FRA
14/01/2021,352684,352684,0,0,"Moderna, Pfizer/BioNTech",France,https://www.data.gouv.fr/fr/datasets/donnees-relatives-aux-personnes-vaccinees-contre-la-covid-19-1/,,FRA
15/01/2021,421246,421246,0,0,"Moderna, Pfizer/BioNTech",France,https://www.data.gouv.fr/fr/datasets/donnees-relatives-aux-personnes-vaccinees-contre-la-covid-19-1/,,FRA
16/01/2021,441384,441298,86,0,"Moderna, Pfizer/BioNTech",France,https://www.data.gouv.fr/fr/datasets/donnees-relatives-aux-personnes-vaccinees-contre-la-covid-19-1/,,FRA
17/01/2021,452263,452136,127,0,"Moderna, Pfizer/BioNTech",France,https://www.data.gouv.fr/fr/datasets/donnees-relatives-aux-personnes-vaccinees-contre-la-covid-19-1/,,FRA
18/01/2021,537887,537600,287,0,"Moderna, Pfizer/BioNTech",France,https://www.data.gouv.fr/fr/datasets/donnees-relatives-aux-personnes-vaccinees-contre-la-covid-19-1/,,FRA
19/01/2021,668160,667749,411,0,"Moderna, Pfizer/BioNTech",France,https://www.data.gouv.fr/fr/datasets/donnees-relatives-aux-personnes-vaccinees-contre-la-covid-19-1/,,FRA
20/01/2021,805395,804830,565,0,"Moderna, Pfizer/BioNTech",France,https://www.data.gouv.fr/fr/datasets/donnees-relatives-aux-personnes-vaccinees-contre-la-covid-19-1/,,FRA
21/01/2021,963212,962518,694,0,"Moderna, Pfizer/BioNTech",France,https://www.data.gouv.fr/fr/datasets/donnees-relatives-aux-personnes-vaccinees-contre-la-covid-19-1/,,FRA
22/01/2021,1083902,1083048,854,0,"Moderna, Pfizer/BioNTech",France,https://www.data.gouv.fr/fr/datasets/donnees-relatives-aux-personnes-vaccinees-contre-la-covid-19-1/,,FRA
23/01/2021,1122240,1121336,904,0,"Moderna, Pfizer/BioNTech",France,https://www.data.gouv.fr/fr/datasets/donnees-relatives-aux-personnes-vaccinees-contre-la-covid-19-1/,,FRA
24/01/2021,1131895,1130964,931,0,"Moderna, Pfizer/BioNTech",France,https://www.data.gouv.fr/fr/datasets/donnees-relatives-aux-personnes-vaccinees-contre-la-covid-19-1/,,FRA
25/01/2021,1210907,1208766,2141,0,"Moderna, Pfizer/BioNTech",France,https://www.data.gouv.fr/fr/datasets/donnees-relatives-aux-personnes-vaccinees-contre-la-covid-19-1/,,FRA
26/01/2021,1314021,1308776,5245,0,"Moderna, Pfizer/BioNTech",France,https://www.data.gouv.fr/fr/datasets/donnees-relatives-aux-personnes-vaccinees-contre-la-covid-19-1/,,FRA
27/01/2021,1426511,1415682,10829,0,"Moderna, Pfizer/BioNTech",France,https://www.data.gouv.fr/fr/datasets/donnees-relatives-aux-personnes-vaccinees-contre-la-covid-19-1/,,FRA
28/01/2021,1564777,1539611,25166,0,"Moderna, Pfizer/BioNTech",France,https://www.data.gouv.fr/fr/datasets/donnees-relatives-aux-personnes-vaccinees-contre-la-covid-19-1/,,FRA
29/01/2021,1673834,1631408,42426,0,"Moderna, Pfizer/BioNTech",France,https://www.data.gouv.fr/fr/datasets/donnees-relatives-aux-personnes-vaccinees-contre-la-covid-19-1/,,FRA
30/01/2021,1707014,1660370,46644,0,"Moderna, Pfizer/BioNTech",France,https://www.data.gouv.fr/fr/datasets/donnees-relatives-aux-personnes-vaccinees-contre-la-covid-19-1/,,FRA
31/01/2021,1713801,1665480,48321,0,"Moderna, Pfizer/BioNTech",France,https://www.data.gouv.fr/fr/datasets/donnees-relatives-aux-personnes-vaccinees-contre-la-covid-19-1/,,FRA
1/02/2021,1787229,1717804,69425,0,"Moderna, Pfizer/BioNTech",France,https://www.data.gouv.fr/fr/datasets/donnees-relatives-aux-personnes-vaccinees-contre-la-covid-19-1/,,FRA
2/02/2021,1893515,1789564,103951,0,"Moderna, Pfizer/BioNTech",France,https://www.data.gouv.fr/fr/datasets/donnees-relatives-aux-personnes-vaccinees-contre-la-covid-19-1/,,FRA
3/02/2021,2002308,1861427,140881,0,"Moderna, Pfizer/BioNTech",France,https://www.data.gouv.fr/fr/datasets/donnees-relatives-aux-personnes-vaccinees-contre-la-covid-19-1/,,FRA
4/02/2021,2133843,1942962,190881,0,"Moderna, Pfizer/BioNTech",France,https://www.data.gouv.fr/fr/datasets/donnees-relatives-aux-personnes-vaccinees-contre-la-covid-19-1/,,FRA
5/02/2021,2246994,2010830,236164,0,"Moderna, Pfizer/BioNTech",France,https://www.data.gouv.fr/fr/datasets/donnees-relatives-aux-personnes-vaccinees-contre-la-covid-19-1/,,FRA
6/02/2021,2279642,2033095,246547,0,"Moderna, Oxford/AstraZeneca, Pfizer/BioNTech",France,https://www.data.gouv.fr/fr/datasets/donnees-relatives-aux-personnes-vaccinees-contre-la-covid-19-1/,,FRA
7/02/2021,2289726,2038145,251581,0,"Moderna, Oxford/AstraZeneca, Pfizer/BioNTech",France,https://www.data.gouv.fr/fr/datasets/donnees-relatives-aux-personnes-vaccinees-contre-la-covid-19-1/,,FRA
8/02/2021,2382080,2084569,297511,0,"Moderna, Oxford/AstraZeneca, Pfizer/BioNTech",France,https://www.data.gouv.fr/fr/datasets/donnees-relatives-aux-personnes-vaccinees-contre-la-covid-19-1/,,FRA
9/02/2021,2520003,2150156,369847,0,"Moderna, Oxford/AstraZeneca, Pfizer/BioNTech",France,https://www.data.gouv.fr/fr/datasets/donnees-relatives-aux-personnes-vaccinees-contre-la-covid-19-1/,,FRA
10/02/2021,2666963,2220467,446496,0,"Moderna, Oxford/AstraZeneca, Pfizer/BioNTech",France,https://www.data.gouv.fr/fr/datasets/donnees-relatives-aux-personnes-vaccinees-contre-la-covid-19-1/,,FRA
11/02/2021,2852676,2307150,545526,0,"Moderna, Oxford/AstraZeneca, Pfizer/BioNTech",France,https://www.data.gouv.fr/fr/datasets/donnees-relatives-aux-personnes-vaccinees-contre-la-covid-19-1/,,FRA
12/02/2021,3005480,2385797,619683,0,"Moderna, Oxford/AstraZeneca, Pfizer/BioNTech",France,https://www.data.gouv.fr/fr/datasets/donnees-relatives-aux-personnes-vaccinees-contre-la-covid-19-1/,,FRA
13/02/2021,3047013,2407859,639154,0,"Moderna, Oxford/AstraZeneca, Pfizer/BioNTech",France,https://www.data.gouv.fr/fr/datasets/donnees-relatives-aux-personnes-vaccinees-contre-la-covid-19-1/,,FRA
14/02/2021,3059062,2412723,646339,0,"Moderna, Oxford/AstraZeneca, Pfizer/BioNTech",France,https://www.data.gouv.fr/fr/datasets/donnees-relatives-aux-personnes-vaccinees-contre-la-covid-19-1/,,FRA
15/02/2021,3173093,2450325,722768,0,"Moderna, Oxford/AstraZeneca, Pfizer/BioNTech",France,https://www.data.gouv.fr/fr/datasets/donnees-relatives-aux-personnes-vaccinees-contre-la-covid-19-1/,,FRA
16/02/2021,3323540,2500160,823380,0,"Moderna, Oxford/AstraZeneca, Pfizer/BioNTech",France,https://www.data.gouv.fr/fr/datasets/donnees-relatives-aux-personnes-vaccinees-contre-la-covid-19-1/,,FRA
17/02/2021,3476411,2550138,926272,1,"Moderna, Oxford/AstraZeneca, Pfizer/BioNTech",France,https://www.data.gouv.fr/fr/datasets/donnees-relatives-aux-personnes-vaccinees-contre-la-covid-19-1/,,FRA
18/02/2021,3663903,2619231,1044671,1,"Moderna, Oxford/AstraZeneca, Pfizer/BioNTech",France,https://www.data.gouv.fr/fr/datasets/donnees-relatives-aux-personnes-vaccinees-contre-la-covid-19-1/,,FRA
19/02/2021,3819157,2683819,1135337,1,"Moderna, Oxford/AstraZeneca, Pfizer/BioNTech",France,https://www.data.gouv.fr/fr/datasets/donnees-relatives-aux-personnes-vaccinees-contre-la-covid-19-1/,,FRA
20/02/2021,3865855,2702126,1163728,1,"Moderna, Oxford/AstraZeneca, Pfizer/BioNTech",France,https://www.data.gouv.fr/fr/datasets/donnees-relatives-aux-personnes-vaccinees-contre-la-covid-19-1/,,FRA
21/02/2021,3875352,2705255,1170096,1,"Moderna, Oxford/AstraZeneca, Pfizer/BioNTech",France,https://www.data.gouv.fr/fr/datasets/donnees-relatives-aux-personnes-vaccinees-contre-la-covid-19-1/,,FRA
22/02/2021,3985487,2742318,1243167,2,"Moderna, Oxford/AstraZeneca, Pfizer/BioNTech",France,https://www.data.gouv.fr/fr/datasets/donnees-relatives-aux-personnes-vaccinees-contre-la-covid-19-1/,,FRA
23/02/2021,4122764,2795611,1327150,3,"Moderna, Oxford/AstraZeneca, Pfizer/BioNTech",France,https://www.data.gouv.fr/fr/datasets/donnees-relatives-aux-personnes-vaccinees-contre-la-covid-19-1/,,FRA
24/02/2021,4263115,2854916,1408195,4,"Moderna, Oxford/AstraZeneca, Pfizer/BioNTech",France,https://www.data.gouv.fr/fr/datasets/donnees-relatives-aux-personnes-vaccinees-contre-la-covid-19-1/,,FRA
25/02/2021,4454343,2954826,1499512,5,"Moderna, Oxford/AstraZeneca, Pfizer/BioNTech",France,https://www.data.gouv.fr/fr/datasets/donnees-relatives-aux-personnes-vaccinees-contre-la-covid-19-1/,,FRA
26/02/2021,4638071,3067618,1570448,5,"Moderna, Oxford/AstraZeneca, Pfizer/BioNTech",France,https://www.data.gouv.fr/fr/datasets/donnees-relatives-aux-personnes-vaccinees-contre-la-covid-19-1/,,FRA
27/02/2021,4711782,3119369,1592408,5,"Moderna, Oxford/AstraZeneca, Pfizer/BioNTech",France,https://www.data.gouv.fr/fr/datasets/donnees-relatives-aux-personnes-vaccinees-contre-la-covid-19-1/,,FRA
28/02/2021,4722163,3125339,1596818,6,"Moderna, Oxford/AstraZeneca, Pfizer/BioNTech",France,https://www.data.gouv.fr/fr/datasets/donnees-relatives-aux-personnes-vaccinees-contre-la-covid-19-1/,,FRA
1/03/2021,4839610,3190049,1649555,6,"Moderna, Oxford/AstraZeneca, Pfizer/BioNTech",France,https://www.data.gouv.fr/fr/datasets/donnees-relatives-aux-personnes-vaccinees-contre-la-covid-19-1/,,FRA
2/03/2021,5006357,3290608,1715742,7,"Moderna, Oxford/AstraZeneca, Pfizer/BioNTech",France,https://www.data.gouv.fr/fr/datasets/donnees-relatives-aux-personnes-vaccinees-contre-la-covid-19-1/,,FRA
3/03/2021,5187203,3405964,1781232,7,"Moderna, Oxford/AstraZeneca, Pfizer/BioNTech",France,https://www.data.gouv.fr/fr/datasets/donnees-relatives-aux-personnes-vaccinees-contre-la-covid-19-1/,,FRA
4/03/2021,5418617,3568556,1850052,9,"Moderna, Oxford/AstraZeneca, Pfizer/BioNTech",France,https://www.data.gouv.fr/fr/datasets/donnees-relatives-aux-personnes-vaccinees-contre-la-covid-19-1/,,FRA
5/03/2021,5681741,3768368,1913362,11,"Moderna, Oxford/AstraZeneca, Pfizer/BioNTech",France,https://www.data.gouv.fr/fr/datasets/donnees-relatives-aux-personnes-vaccinees-contre-la-covid-19-1/,,FRA
6/03/2021,5906678,3975497,1931167,14,"Moderna, Oxford/AstraZeneca, Pfizer/BioNTech",France,https://www.data.gouv.fr/fr/datasets/donnees-relatives-aux-personnes-vaccinees-contre-la-covid-19-1/,,FRA
7/03/2021,6032900,4096254,1936632,14,"Moderna, Oxford/AstraZeneca, Pfizer/BioNTech",France,https://www.data.gouv.fr/fr/datasets/donnees-relatives-aux-personnes-vaccinees-contre-la-covid-19-1/,,FRA
8/03/2021,6189945,4202537,1987394,14,"Moderna, Oxford/AstraZeneca, Pfizer/BioNTech",France,https://www.data.gouv.fr/fr/datasets/donnees-relatives-aux-personnes-vaccinees-contre-la-covid-19-1/,,FRA
9/03/2021,6418212,4374070,2044127,15,"Moderna, Oxford/AstraZeneca, Pfizer/BioNTech",France,https://www.data.gouv.fr/fr/datasets/donnees-relatives-aux-personnes-vaccinees-contre-la-covid-19-1/,,FRA
10/03/2021,6653014,4551719,2101277,18,"Moderna, Oxford/AstraZeneca, Pfizer/BioNTech",France,https://www.data.gouv.fr/fr/datasets/donnees-relatives-aux-personnes-vaccinees-contre-la-covid-19-1/,,FRA
11/03/2021,6957690,4793344,2164328,18,"Moderna, Oxford/AstraZeneca, Pfizer/BioNTech",France,https://www.data.gouv.fr/fr/datasets/donnees-relatives-aux-personnes-vaccinees-contre-la-covid-19-1/,,FRA
12/03/2021,7304781,5086956,2217807,18,"Moderna, Oxford/AstraZeneca, Pfizer/BioNTech",France,https://www.data.gouv.fr/fr/datasets/donnees-relatives-aux-personnes-vaccinees-contre-la-covid-19-1/,,FRA
13/03/2021,7550484,5317372,2233094,18,"Moderna, Oxford/AstraZeneca, Pfizer/BioNTech",France,https://www.data.gouv.fr/fr/datasets/donnees-relatives-aux-personnes-vaccinees-contre-la-covid-19-1/,,FRA
14/03/2021,7616818,5380278,2236522,18,"Moderna, Oxford/AstraZeneca, Pfizer/BioNTech",France,https://www.data.gouv.fr/fr/datasets/donnees-relatives-aux-personnes-vaccinees-contre-la-covid-19-1/,,FRA
15/03/2021,7806968,5537822,2269127,19,"Moderna, Oxford/AstraZeneca, Pfizer/BioNTech",France,https://www.data.gouv.fr/fr/datasets/donnees-relatives-aux-personnes-vaccinees-contre-la-covid-19-1/,,FRA
16/03/2021,7987136,5678492,2308624,20,"Moderna, Oxford/AstraZeneca, Pfizer/BioNTech",France,https://www.data.gouv.fr/fr/datasets/donnees-relatives-aux-personnes-vaccinees-contre-la-covid-19-1/,,FRA
17/03/2021,8175480,5828076,2347382,22,"Moderna, Oxford/AstraZeneca, Pfizer/BioNTech",France,https://www.data.gouv.fr/fr/datasets/donnees-relatives-aux-personnes-vaccinees-contre-la-covid-19-1/,,FRA
18/03/2021,8386877,5994895,2391959,23,"Moderna, Oxford/AstraZeneca, Pfizer/BioNTech",France,https://www.data.gouv.fr/fr/datasets/donnees-relatives-aux-personnes-vaccinees-contre-la-covid-19-1/,,FRA
19/03/2021,8653235,6223819,2429393,23,"Moderna, Oxford/AstraZeneca, Pfizer/BioNTech",France,https://www.data.gouv.fr/fr/datasets/donnees-relatives-aux-personnes-vaccinees-contre-la-covid-19-1/,,FRA
20/03/2021,8830954,6389771,2441160,23,"Moderna, Oxford/AstraZeneca, Pfizer/BioNTech",France,https://www.data.gouv.fr/fr/datasets/donnees-relatives-aux-personnes-vaccinees-contre-la-covid-19-1/,,FRA
21/03/2021,8883015,6439206,2443785,24,"Moderna, Oxford/AstraZeneca, Pfizer/BioNTech",France,https://www.data.gouv.fr/fr/datasets/donnees-relatives-aux-personnes-vaccinees-contre-la-covid-19-1/,,FRA
22/03/2021,9086189,6608116,2478047,26,"Moderna, Oxford/AstraZeneca, Pfizer/BioNTech",France,https://www.data.gouv.fr/fr/datasets/donnees-relatives-aux-personnes-vaccinees-contre-la-covid-19-1/,,FRA
23/03/2021,9377656,6857211,2520418,27,"Moderna, Oxford/AstraZeneca, Pfizer/BioNTech",France,https://www.data.gouv.fr/fr/datasets/donnees-relatives-aux-personnes-vaccinees-contre-la-covid-19-1/,,FRA
24/03/2021,9677110,7112857,2564226,27,"Moderna, Oxford/AstraZeneca, Pfizer/BioNTech",France,https://www.data.gouv.fr/fr/datasets/donnees-relatives-aux-personnes-vaccinees-contre-la-covid-19-1/,,FRA
25/03/2021,10062353,7453380,2608944,29,"Moderna, Oxford/AstraZeneca, Pfizer/BioNTech",France,https://www.data.gouv.fr/fr/datasets/donnees-relatives-aux-personnes-vaccinees-contre-la-covid-19-1/,,FRA
26/03/2021,10461806,7810968,2650808,30,"Moderna, Oxford/AstraZeneca, Pfizer/BioNTech",France,https://www.data.gouv.fr/fr/datasets/donnees-relatives-aux-personnes-vaccinees-contre-la-covid-19-1/,,FRA
27/03/2021,10672968,8005496,2667442,30,"Moderna, Oxford/AstraZeneca, Pfizer/BioNTech",France,https://www.data.gouv.fr/fr/datasets/donnees-relatives-aux-personnes-vaccinees-contre-la-covid-19-1/,,FRA
28/03/2021,10735626,8064423,2671171,32,"Moderna, Oxford/AstraZeneca, Pfizer/BioNTech",France,https://www.data.gouv.fr/fr/datasets/donnees-relatives-aux-personnes-vaccinees-contre-la-covid-19-1/,,FRA
29/03/2021,10991939,8266475,2725431,33,"Moderna, Oxford/AstraZeneca, Pfizer/BioNTech",France,https://www.data.gouv.fr/fr/datasets/donnees-relatives-aux-personnes-vaccinees-contre-la-covid-19-1/,,FRA
30/03/2021,11345706,8550604,2795066,36,"Moderna, Oxford/AstraZeneca, Pfizer/BioNTech",France,https://www.data.gouv.fr/fr/datasets/donnees-relatives-aux-personnes-vaccinees-contre-la-covid-19-1/,,FRA
31/03/2021,11680342,8812353,2867950,39,"Moderna, Oxford/AstraZeneca, Pfizer/BioNTech",France,https://www.data.gouv.fr/fr/datasets/donnees-relatives-aux-personnes-vaccinees-contre-la-covid-19-1/,,FRA
1/04/2021,12081295,9125547,2955703,45,"Moderna, Oxford/AstraZeneca, Pfizer/BioNTech",France,https://www.data.gouv.fr/fr/datasets/donnees-relatives-aux-personnes-vaccinees-contre-la-covid-19-1/,,FRA
2/04/2021,12453413,9405572,3047791,50,"Moderna, Oxford/AstraZeneca, Pfizer/BioNTech",France,https://www.data.gouv.fr/fr/datasets/donnees-relatives-aux-personnes-vaccinees-contre-la-covid-19-1/,,FRA
3/04/2021,12655451,9545790,3109608,53,"Moderna, Oxford/AstraZeneca, Pfizer/BioNTech",France,https://www.data.gouv.fr/fr/datasets/donnees-relatives-aux-personnes-vaccinees-contre-la-covid-19-1/,,FRA
4/04/2021,12719515,9591200,3128261,54,"Moderna, Oxford/AstraZeneca, Pfizer/BioNTech",France,https://www.data.gouv.fr/fr/datasets/donnees-relatives-aux-personnes-vaccinees-contre-la-covid-19-1/,,FRA
5/04/2021,12790244,9650933,3139253,58,"Moderna, Oxford/AstraZeneca, Pfizer/BioNTech",France,https://www.data.gouv.fr/fr/datasets/donnees-relatives-aux-personnes-vaccinees-contre-la-covid-19-1/,,FRA
6/04/2021,13113652,9866527,3247060,65,"Moderna, Oxford/AstraZeneca, Pfizer/BioNTech",France,https://www.data.gouv.fr/fr/datasets/donnees-relatives-aux-personnes-vaccinees-contre-la-covid-19-1/,,FRA
7/04/2021,13487467,10124936,3362460,71,"Moderna, Oxford/AstraZeneca, Pfizer/BioNTech",France,https://www.data.gouv.fr/fr/datasets/donnees-relatives-aux-personnes-vaccinees-contre-la-covid-19-1/,,FRA
8/04/2021,13944595,10460688,3483830,77,"Moderna, Oxford/AstraZeneca, Pfizer/BioNTech",France,https://www.data.gouv.fr/fr/datasets/donnees-relatives-aux-personnes-vaccinees-contre-la-covid-19-1/,,FRA
9/04/2021,14469313,10868941,3600262,110,"Moderna, Oxford/AstraZeneca, Pfizer/BioNTech",France,https://www.data.gouv.fr/fr/datasets/donnees-relatives-aux-personnes-vaccinees-contre-la-covid-19-1/,,FRA
10/04/2021,14763628,11080531,3682979,118,"Moderna, Oxford/AstraZeneca, Pfizer/BioNTech",France,https://www.data.gouv.fr/fr/datasets/donnees-relatives-aux-personnes-vaccinees-contre-la-covid-19-1/,,FRA
11/04/2021,14853737,11136061,3717555,121,"Moderna, Oxford/AstraZeneca, Pfizer/BioNTech",France,https://www.data.gouv.fr/fr/datasets/donnees-relatives-aux-personnes-vaccinees-contre-la-covid-19-1/,,FRA
12/04/2021,15204510,11371626,3832733,151,"Moderna, Oxford/AstraZeneca, Pfizer/BioNTech",France,https://www.data.gouv.fr/fr/datasets/donnees-relatives-aux-personnes-vaccinees-contre-la-covid-19-1/,,FRA
13/04/2021,15657220,11679376,3977635,209,"Moderna, Oxford/AstraZeneca, Pfizer/BioNTech",France,https://www.data.gouv.fr/fr/datasets/donnees-relatives-aux-personnes-vaccinees-contre-la-covid-19-1/,,FRA
14/04/2021,16088910,11971584,4116992,334,"Moderna, Oxford/AstraZeneca, Pfizer/BioNTech",France,https://www.data.gouv.fr/fr/datasets/donnees-relatives-aux-personnes-vaccinees-contre-la-covid-19-1/,,FRA
15/04/2021,16571417,12306094,4264806,517,"Moderna, Oxford/AstraZeneca, Pfizer/BioNTech",France,https://www.data.gouv.fr/fr/datasets/donnees-relatives-aux-personnes-vaccinees-contre-la-covid-19-1/,,FRA
16/04/2021,17055097,12643828,4410533,736,"Moderna, Oxford/AstraZeneca, Pfizer/BioNTech",France,https://www.data.gouv.fr/fr/datasets/donnees-relatives-aux-personnes-vaccinees-contre-la-covid-19-1/,,FRA
17/04/2021,17333085,12831545,4500750,790,"Moderna, Oxford/AstraZeneca, Pfizer/BioNTech",France,https://www.data.gouv.fr/fr/datasets/donnees-relatives-aux-personnes-vaccinees-contre-la-covid-19-1/,,FRA
18/04/2021,17419545,12882560,4536171,814,"Moderna, Oxford/AstraZeneca, Pfizer/BioNTech",France,https://www.data.gouv.fr/fr/datasets/donnees-relatives-aux-personnes-vaccinees-contre-la-covid-19-1/,,FRA
19/04/2021,17762418,13086751,4674505,1162,"Moderna, Oxford/AstraZeneca, Pfizer/BioNTech",France,https://www.data.gouv.fr/fr/datasets/donnees-relatives-aux-personnes-vaccinees-contre-la-covid-19-1/,,FRA
20/04/2021,18185954,13339232,4845183,1539,"Moderna, Oxford/AstraZeneca, Pfizer/BioNTech",France,https://www.data.gouv.fr/fr/datasets/donnees-relatives-aux-personnes-vaccinees-contre-la-covid-19-1/,,FRA
21/04/2021,18606615,13590579,5013944,2092,"Moderna, Oxford/AstraZeneca, Pfizer/BioNTech",France,https://www.data.gouv.fr/fr/datasets/donnees-relatives-aux-personnes-vaccinees-contre-la-covid-19-1/,,FRA
22/04/2021,19081026,13876266,5202141,2619,"Moderna, Oxford/AstraZeneca, Pfizer/BioNTech",France,https://www.data.gouv.fr/fr/datasets/donnees-relatives-aux-personnes-vaccinees-contre-la-covid-19-1/,,FRA
23/04/2021,19560240,14171704,5388416,3116,"Johnson&Johnson, Moderna, Oxford/AstraZeneca, Pfizer/BioNTech",France,https://www.data.gouv.fr/fr/datasets/donnees-relatives-aux-personnes-vaccinees-contre-la-covid-19-1/,,FRA
24/04/2021,19861238,14361052,5501534,3211,"Johnson&Johnson, Moderna, Oxford/AstraZeneca, Pfizer/BioNTech",France,https://www.data.gouv.fr/fr/datasets/donnees-relatives-aux-personnes-vaccinees-contre-la-covid-19-1/,,FRA
25/04/2021,19969058,14429983,5540517,3240,"Johnson&Johnson, Moderna, Oxford/AstraZeneca, Pfizer/BioNTech",France,https://www.data.gouv.fr/fr/datasets/donnees-relatives-aux-personnes-vaccinees-contre-la-covid-19-1/,,FRA
26/04/2021,20345036,14649538,5699444,3589,"Johnson&Johnson, Moderna, Oxford/AstraZeneca, Pfizer/BioNTech",France,https://www.data.gouv.fr/fr/datasets/donnees-relatives-aux-personnes-vaccinees-contre-la-covid-19-1/,,FRA
27/04/2021,20815893,14932331,5896360,4201,"Johnson&Johnson, Moderna, Oxford/AstraZeneca, Pfizer/BioNTech",France,https://www.data.gouv.fr/fr/datasets/donnees-relatives-aux-personnes-vaccinees-contre-la-covid-19-1/,,FRA
28/04/2021,21297970,15230138,6089371,5313,"Johnson&Johnson, Moderna, Oxford/AstraZeneca, Pfizer/BioNTech",France,https://www.data.gouv.fr/fr/datasets/donnees-relatives-aux-personnes-vaccinees-contre-la-covid-19-1/,,FRA
29/04/2021,21850076,15585259,6301398,6217,"Johnson&Johnson, Moderna, Oxford/AstraZeneca, Pfizer/BioNTech",France,https://www.data.gouv.fr/fr/datasets/donnees-relatives-aux-personnes-vaccinees-contre-la-covid-19-1/,,FRA
30/04/2021,22405890,15955547,6505367,6953,"Johnson&Johnson, Moderna, Oxford/AstraZeneca, Pfizer/BioNTech",France,https://www.data.gouv.fr/fr/datasets/donnees-relatives-aux-personnes-vaccinees-contre-la-covid-19-1/,,FRA
1/05/2021,22623667,16120693,6559837,7061,"Johnson&Johnson, Moderna, Oxford/AstraZeneca, Pfizer/BioNTech",France,https://www.data.gouv.fr/fr/datasets/donnees-relatives-aux-personnes-vaccinees-contre-la-covid-19-1/,,FRA
2/05/2021,22752334,16211481,6598127,7112,"Johnson&Johnson, Moderna, Oxford/AstraZeneca, Pfizer/BioNTech",France,https://www.data.gouv.fr/fr/datasets/donnees-relatives-aux-personnes-vaccinees-contre-la-covid-19-1/,,FRA
3/05/2021,23208427,16497425,6772730,7654,"Johnson&Johnson, Moderna, Oxford/AstraZeneca, Pfizer/BioNTech",France,https://www.data.gouv.fr/fr/datasets/donnees-relatives-aux-personnes-vaccinees-contre-la-covid-19-1/,,FRA
4/05/2021,23746163,16810118,7005306,8432,"Johnson&Johnson, Moderna, Oxford/AstraZeneca, Pfizer/BioNTech",France,https://www.data.gouv.fr/fr/datasets/donnees-relatives-aux-personnes-vaccinees-contre-la-covid-19-1/,,FRA
5/05/2021,24294590,17133276,7235882,9210,"Johnson&Johnson, Moderna, Oxford/AstraZeneca, Pfizer/BioNTech",France,https://www.data.gouv.fr/fr/datasets/donnees-relatives-aux-personnes-vaccinees-contre-la-covid-19-1/,,FRA
6/05/2021,24910863,17509282,7486334,10334,"Johnson&Johnson, Moderna, Oxford/AstraZeneca, Pfizer/BioNTech",France,https://www.data.gouv.fr/fr/datasets/donnees-relatives-aux-personnes-vaccinees-contre-la-covid-19-1/,,FRA
7/05/2021,25538971,17879334,7762625,11111,"Johnson&Johnson, Moderna, Oxford/AstraZeneca, Pfizer/BioNTech",France,https://www.data.gouv.fr/fr/datasets/donnees-relatives-aux-personnes-vaccinees-contre-la-covid-19-1/,,FRA
8/05/2021,25826723,18100033,7831835,11264,"Johnson&Johnson, Moderna, Oxford/AstraZeneca, Pfizer/BioNTech",France,https://www.data.gouv.fr/fr/datasets/donnees-relatives-aux-personnes-vaccinees-contre-la-covid-19-1/,,FRA
9/05/2021,26002444,18228920,7879229,11356,"Johnson&Johnson, Moderna, Oxford/AstraZeneca, Pfizer/BioNTech",France,https://www.data.gouv.fr/fr/datasets/donnees-relatives-aux-personnes-vaccinees-contre-la-covid-19-1/,,FRA
10/05/2021,26541119,18537894,8115361,12087,"Johnson&Johnson, Moderna, Oxford/AstraZeneca, Pfizer/BioNTech",France,https://www.data.gouv.fr/fr/datasets/donnees-relatives-aux-personnes-vaccinees-contre-la-covid-19-1/,,FRA
11/05/2021,27200983,18938644,8387708,13079,"Johnson&Johnson, Moderna, Oxford/AstraZeneca, Pfizer/BioNTech",France,https://www.data.gouv.fr/fr/datasets/donnees-relatives-aux-personnes-vaccinees-contre-la-covid-19-1/,,FRA
12/05/2021,27865415,19368997,8630987,13953,"Johnson&Johnson, Moderna, Oxford/AstraZeneca, Pfizer/BioNTech",France,https://www.data.gouv.fr/fr/datasets/donnees-relatives-aux-personnes-vaccinees-contre-la-covid-19-1/,,FRA
13/05/2021,28258215,19704672,8689375,14202,"Johnson&Johnson, Moderna, Oxford/AstraZeneca, Pfizer/BioNTech",France,https://www.data.gouv.fr/fr/datasets/donnees-relatives-aux-personnes-vaccinees-contre-la-covid-19-1/,,FRA
14/05/2021,28877000,20155285,8864530,14882,"Johnson&Johnson, Moderna, Oxford/AstraZeneca, Pfizer/BioNTech",France,https://www.data.gouv.fr/fr/datasets/donnees-relatives-aux-personnes-vaccinees-contre-la-covid-19-1/,,FRA
15/05/2021,29342851,20526900,8962192,15107,"Johnson&Johnson, Moderna, Oxford/AstraZeneca, Pfizer/BioNTech",France,https://www.data.gouv.fr/fr/datasets/donnees-relatives-aux-personnes-vaccinees-contre-la-covid-19-1/,,FRA
16/05/2021,29565198,20728334,8983408,15194,"Johnson&Johnson, Moderna, Oxford/AstraZeneca, Pfizer/BioNTech",France,https://www.data.gouv.fr/fr/datasets/donnees-relatives-aux-personnes-vaccinees-contre-la-covid-19-1/,,FRA
17/05/2021,30088520,21101590,9136944,16118,"Johnson&Johnson, Moderna, Oxford/AstraZeneca, Pfizer/BioNTech",France,https://www.data.gouv.fr/fr/datasets/donnees-relatives-aux-personnes-vaccinees-contre-la-covid-19-1/,,FRA
18/05/2021,30698900,21557624,9298769,17302,"Johnson&Johnson, Moderna, Oxford/AstraZeneca, Pfizer/BioNTech",France,https://www.data.gouv.fr/fr/datasets/donnees-relatives-aux-personnes-vaccinees-contre-la-covid-19-1/,,FRA
19/05/2021,31309978,22021829,9449696,18844,"Johnson&Johnson, Moderna, Oxford/AstraZeneca, Pfizer/BioNTech",France,https://www.data.gouv.fr/fr/datasets/donnees-relatives-aux-personnes-vaccinees-contre-la-covid-19-1/,,FRA
20/05/2021,31975410,22525523,9619393,20222,"Johnson&Johnson, Moderna, Oxford/AstraZeneca, Pfizer/BioNTech",France,https://www.data.gouv.fr/fr/datasets/donnees-relatives-aux-personnes-vaccinees-contre-la-covid-19-1/,,FRA
21/05/2021,32637438,23011833,9806586,21395,"Johnson&Johnson, Moderna, Oxford/AstraZeneca, Pfizer/BioNTech",France,https://www.data.gouv.fr/fr/datasets/donnees-relatives-aux-personnes-vaccinees-contre-la-covid-19-1/,,FRA
22/05/2021,33062838,23356965,9891433,21779,"Johnson&Johnson, Moderna, Oxford/AstraZeneca, Pfizer/BioNTech",France,https://www.data.gouv.fr/fr/datasets/donnees-relatives-aux-personnes-vaccinees-contre-la-covid-19-1/,,FRA
23/05/2021,33238105,23517649,9906328,21925,"Johnson&Johnson, Moderna, Oxford/AstraZeneca, Pfizer/BioNTech",France,https://www.data.gouv.fr/fr/datasets/donnees-relatives-aux-personnes-vaccinees-contre-la-covid-19-1/,,FRA
24/05/2021,33533067,23779019,9940557,22277,"Johnson&Johnson, Moderna, Oxford/AstraZeneca, Pfizer/BioNTech",France,https://www.data.gouv.fr/fr/datasets/donnees-relatives-aux-personnes-vaccinees-contre-la-covid-19-1/,,FRA
25/05/2021,34120855,24176075,10137353,23697,"Johnson&Johnson, Moderna, Oxford/AstraZeneca, Pfizer/BioNTech",France,https://www.data.gouv.fr/fr/datasets/donnees-relatives-aux-personnes-vaccinees-contre-la-covid-19-1/,,FRA
26/05/2021,34720838,24586500,10333138,25095,"Johnson&Johnson, Moderna, Oxford/AstraZeneca, Pfizer/BioNTech",France,https://www.data.gouv.fr/fr/datasets/donnees-relatives-aux-personnes-vaccinees-contre-la-covid-19-1/,,FRA
27/05/2021,35387617,25033199,10566011,26486,"Johnson&Johnson, Moderna, Oxford/AstraZeneca, Pfizer/BioNTech",France,https://www.data.gouv.fr/fr/datasets/donnees-relatives-aux-personnes-vaccinees-contre-la-covid-19-1/,,FRA
28/05/2021,36075143,25459936,10851972,27626,"Johnson&Johnson, Moderna, Oxford/AstraZeneca, Pfizer/BioNTech",France,https://www.data.gouv.fr/fr/datasets/donnees-relatives-aux-personnes-vaccinees-contre-la-covid-19-1/,,FRA
29/05/2021,36522335,25757353,11012630,27969,"Johnson&Johnson, Moderna, Oxford/AstraZeneca, Pfizer/BioNTech",France,https://www.data.gouv.fr/fr/datasets/donnees-relatives-aux-personnes-vaccinees-contre-la-covid-19-1/,,FRA
30/05/2021,36661176,25863486,11046121,28063,"Johnson&Johnson, Moderna, Oxford/AstraZeneca, Pfizer/BioNTech",France,https://www.data.gouv.fr/fr/datasets/donnees-relatives-aux-personnes-vaccinees-contre-la-covid-19-1/,,FRA
31/05/2021,37221160,26219032,11262143,28975,"Johnson&Johnson, Moderna, Oxford/AstraZeneca, Pfizer/BioNTech",France,https://www.data.gouv.fr/fr/datasets/donnees-relatives-aux-personnes-vaccinees-contre-la-covid-19-1/,,FRA
1/06/2021,37896241,26641229,11533757,30216,"Johnson&Johnson, Moderna, Oxford/AstraZeneca, Pfizer/BioNTech",France,https://www.data.gouv.fr/fr/datasets/donnees-relatives-aux-personnes-vaccinees-contre-la-covid-19-1/,,FRA
2/06/2021,38540565,27053459,11778954,31426,"Johnson&Johnson, Moderna, Oxford/AstraZeneca, Pfizer/BioNTech",France,https://www.data.gouv.fr/fr/datasets/donnees-relatives-aux-personnes-vaccinees-contre-la-covid-19-1/,,FRA
3/06/2021,39258390,27511531,12056886,32490,"Johnson&Johnson, Moderna, Oxford/AstraZeneca, Pfizer/BioNTech",France,https://www.data.gouv.fr/fr/datasets/donnees-relatives-aux-personnes-vaccinees-contre-la-covid-19-1/,,FRA
4/06/2021,40015646,27962881,12384015,33530,"Johnson&Johnson, Moderna, Oxford/AstraZeneca, Pfizer/BioNTech",France,https://www.data.gouv.fr/fr/datasets/donnees-relatives-aux-personnes-vaccinees-contre-la-covid-19-1/,,FRA
5/06/2021,40507237,28265018,12582664,33917,"Johnson&Johnson, Moderna, Oxford/AstraZeneca, Pfizer/BioNTech",France,https://www.data.gouv.fr/fr/datasets/donnees-relatives-aux-personnes-vaccinees-contre-la-covid-19-1/,,FRA
6/06/2021,40687846,28396370,12632740,34053,"Johnson&Johnson, Moderna, Oxford/AstraZeneca, Pfizer/BioNTech",France,https://www.data.gouv.fr/fr/datasets/donnees-relatives-aux-personnes-vaccinees-contre-la-covid-19-1/,,FRA
7/06/2021,41285457,28730640,12904183,34966,"Johnson&Johnson, Moderna, Oxford/AstraZeneca, Pfizer/BioNTech",France,https://www.data.gouv.fr/fr/datasets/donnees-relatives-aux-personnes-vaccinees-contre-la-covid-19-1/,,FRA
8/06/2021,41967351,29120214,13209888,36003,"Johnson&Johnson, Moderna, Oxford/AstraZeneca, Pfizer/BioNTech",France,https://www.data.gouv.fr/fr/datasets/donnees-relatives-aux-personnes-vaccinees-contre-la-covid-19-1/,,FRA
9/06/2021,42624633,29500454,13497871,37080,"Johnson&Johnson, Moderna, Oxford/AstraZeneca, Pfizer/BioNTech",France,https://www.data.gouv.fr/fr/datasets/donnees-relatives-aux-personnes-vaccinees-contre-la-covid-19-1/,,FRA
10/06/2021,43313175,29898518,13802469,38169,"Johnson&Johnson, Moderna, Oxford/AstraZeneca, Pfizer/BioNTech",France,https://www.data.gouv.fr/fr/datasets/donnees-relatives-aux-personnes-vaccinees-contre-la-covid-19-1/,,FRA
11/06/2021,44055103,30282025,14176797,39013,"Johnson&Johnson, Moderna, Oxford/AstraZeneca, Pfizer/BioNTech",France,https://www.data.gouv.fr/fr/datasets/donnees-relatives-aux-personnes-vaccinees-contre-la-covid-19-1/,,FRA
12/06/2021,44547911,30563065,14395589,39292,"Johnson&Johnson, Moderna, Oxford/AstraZeneca, Pfizer/BioNTech",France,https://www.data.gouv.fr/fr/datasets/donnees-relatives-aux-personnes-vaccinees-contre-la-covid-19-1/,,FRA
13/06/2021,44725865,30666836,14470515,39403,"Johnson&Johnson, Moderna, Oxford/AstraZeneca, Pfizer/BioNTech",France,https://www.data.gouv.fr/fr/datasets/donnees-relatives-aux-personnes-vaccinees-contre-la-covid-19-1/,,FRA
14/06/2021,45320573,30904720,14832971,40269,"Johnson&Johnson, Moderna, Oxford/AstraZeneca, Pfizer/BioNTech",France,https://www.data.gouv.fr/fr/datasets/donnees-relatives-aux-personnes-vaccinees-contre-la-covid-19-1/,,FRA
15/06/2021,46011984,31209132,15229773,41193,"Johnson&Johnson, Moderna, Oxford/AstraZeneca, Pfizer/BioNTech",France,https://www.data.gouv.fr/fr/datasets/donnees-relatives-aux-personnes-vaccinees-contre-la-covid-19-1/,,FRA
16/06/2021,46681112,31519578,15596304,42091,"Johnson&Johnson, Moderna, Oxford/AstraZeneca, Pfizer/BioNTech",France,https://www.data.gouv.fr/fr/datasets/donnees-relatives-aux-personnes-vaccinees-contre-la-covid-19-1/,,FRA
17/06/2021,47368478,31833881,15979257,42910,"Johnson&Johnson, Moderna, Oxford/AstraZeneca, Pfizer/BioNTech",France,https://www.data.gouv.fr/fr/datasets/donnees-relatives-aux-personnes-vaccinees-contre-la-covid-19-1/,,FRA
18/06/2021,48130937,32152788,16434285,43659,"Johnson&Johnson, Moderna, Oxford/AstraZeneca, Pfizer/BioNTech",France,https://www.data.gouv.fr/fr/datasets/donnees-relatives-aux-personnes-vaccinees-contre-la-covid-19-1/,,FRA
19/06/2021,48628111,32375732,16713714,43917,"Johnson&Johnson, Moderna, Oxford/AstraZeneca, Pfizer/BioNTech",France,https://www.data.gouv.fr/fr/datasets/donnees-relatives-aux-personnes-vaccinees-contre-la-covid-19-1/,,FRA
20/06/2021,48804033,32448964,16816967,43987,"Johnson&Johnson, Moderna, Oxford/AstraZeneca, Pfizer/BioNTech",France,https://www.data.gouv.fr/fr/datasets/donnees-relatives-aux-personnes-vaccinees-contre-la-covid-19-1/,,FRA
21/06/2021,49399870,32642055,17224005,44610,"Johnson&Johnson, Moderna, Oxford/AstraZeneca, Pfizer/BioNTech",France,https://www.data.gouv.fr/fr/datasets/donnees-relatives-aux-personnes-vaccinees-contre-la-covid-19-1/,,FRA
22/06/2021,50088613,32862648,17699092,45377,"Johnson&Johnson, Moderna, Oxford/AstraZeneca, Pfizer/BioNTech",France,https://www.data.gouv.fr/fr/datasets/donnees-relatives-aux-personnes-vaccinees-contre-la-covid-19-1/,,FRA
23/06/2021,50760461,33093830,18145953,46112,"Johnson&Johnson, Moderna, Oxford/AstraZeneca, Pfizer/BioNTech",France,https://www.data.gouv.fr/fr/datasets/donnees-relatives-aux-personnes-vaccinees-contre-la-covid-19-1/,,FRA
24/06/2021,51409894,33333093,18563757,46923,"Johnson&Johnson, Moderna, Oxford/AstraZeneca, Pfizer/BioNTech",France,https://www.data.gouv.fr/fr/datasets/donnees-relatives-aux-personnes-vaccinees-contre-la-covid-19-1/,,FRA
25/06/2021,52157497,33557483,19096040,47765,"Johnson&Johnson, Moderna, Oxford/AstraZeneca, Pfizer/BioNTech",France,https://www.data.gouv.fr/fr/datasets/donnees-relatives-aux-personnes-vaccinees-contre-la-covid-19-1/,,FRA
26/06/2021,52680378,33709198,19471521,48083,"Johnson&Johnson, Moderna, Oxford/AstraZeneca, Pfizer/BioNTech",France,https://www.data.gouv.fr/fr/datasets/donnees-relatives-aux-personnes-vaccinees-contre-la-covid-19-1/,,FRA
27/06/2021,52891959,33764276,19628543,48181,"Johnson&Johnson, Moderna, Oxford/AstraZeneca, Pfizer/BioNTech",France,https://www.data.gouv.fr/fr/datasets/donnees-relatives-aux-personnes-vaccinees-contre-la-covid-19-1/,,FRA
28/06/2021,53498605,33916925,20086410,48906,"Johnson&Johnson, Moderna, Oxford/AstraZeneca, Pfizer/BioNTech",France,https://www.data.gouv.fr/fr/datasets/donnees-relatives-aux-personnes-vaccinees-contre-la-covid-19-1/,,FRA
29/06/2021,54186953,34097623,20598890,50887,"Johnson&Johnson, Moderna, Oxford/AstraZeneca, Pfizer/BioNTech",France,https://www.data.gouv.fr/fr/datasets/donnees-relatives-aux-personnes-vaccinees-contre-la-covid-19-1/,,FRA
30/06/2021,54871623,34299194,21086549,52752,"Johnson&Johnson, Moderna, Oxford/AstraZeneca, Pfizer/BioNTech",France,https://www.data.gouv.fr/fr/datasets/donnees-relatives-aux-personnes-vaccinees-contre-la-covid-19-1/,,FRA
1/07/2021,55556453,34524111,21552239,54883,"Johnson&Johnson, Moderna, Oxford/AstraZeneca, Pfizer/BioNTech",France,https://www.data.gouv.fr/fr/datasets/donnees-relatives-aux-personnes-vaccinees-contre-la-covid-19-1/,,FRA
2/07/2021,56302158,34747259,22081923,56929,"Johnson&Johnson, Moderna, Oxford/AstraZeneca, Pfizer/BioNTech",France,https://www.data.gouv.fr/fr/datasets/donnees-relatives-aux-personnes-vaccinees-contre-la-covid-19-1/,,FRA
3/07/2021,56812058,34887381,22455501,57823,"Johnson&Johnson, Moderna, Oxford/AstraZeneca, Pfizer/BioNTech",France,https://www.data.gouv.fr/fr/datasets/donnees-relatives-aux-personnes-vaccinees-contre-la-covid-19-1/,,FRA
4/07/2021,57009479,34943176,22597443,58085,"Johnson&Johnson, Moderna, Oxford/AstraZeneca, Pfizer/BioNTech",France,https://www.data.gouv.fr/fr/datasets/donnees-relatives-aux-personnes-vaccinees-contre-la-covid-19-1/,,FRA
5/07/2021,57595093,35107649,23021590,59678,"Johnson&Johnson, Moderna, Oxford/AstraZeneca, Pfizer/BioNTech",France,https://www.data.gouv.fr/fr/datasets/donnees-relatives-aux-personnes-vaccinees-contre-la-covid-19-1/,,FRA
6/07/2021,58265534,35301232,23504191,61420,"Johnson&Johnson, Moderna, Oxford/AstraZeneca, Pfizer/BioNTech",France,https://www.data.gouv.fr/fr/datasets/donnees-relatives-aux-personnes-vaccinees-contre-la-covid-19-1/,,FRA
7/07/2021,58915680,35510076,23950512,63169,"Johnson&Johnson, Moderna, Oxford/AstraZeneca, Pfizer/BioNTech",France,https://www.data.gouv.fr/fr/datasets/donnees-relatives-aux-personnes-vaccinees-contre-la-covid-19-1/,,FRA
8/07/2021,59570345,35738505,24383705,65184,"Johnson&Johnson, Moderna, Oxford/AstraZeneca, Pfizer/BioNTech",France,https://www.data.gouv.fr/fr/datasets/donnees-relatives-aux-personnes-vaccinees-contre-la-covid-19-1/,,FRA
9/07/2021,60308381,35964555,24903659,67285,"Johnson&Johnson, Moderna, Oxford/AstraZeneca, Pfizer/BioNTech",France,https://www.data.gouv.fr/fr/datasets/donnees-relatives-aux-personnes-vaccinees-contre-la-covid-19-1/,,FRA
10/07/2021,60795836,36111303,25247893,68232,"Johnson&Johnson, Moderna, Oxford/AstraZeneca, Pfizer/BioNTech",France,https://www.data.gouv.fr/fr/datasets/donnees-relatives-aux-personnes-vaccinees-contre-la-covid-19-1/,,FRA
11/07/2021,60965545,36170630,25358520,68499,"Johnson&Johnson, Moderna, Oxford/AstraZeneca, Pfizer/BioNTech",France,https://www.data.gouv.fr/fr/datasets/donnees-relatives-aux-personnes-vaccinees-contre-la-covid-19-1/,,FRA
12/07/2021,61612035,36337140,25842447,70210,"Johnson&Johnson, Moderna, Oxford/AstraZeneca, Pfizer/BioNTech",France,https://www.data.gouv.fr/fr/datasets/donnees-relatives-aux-personnes-vaccinees-contre-la-covid-19-1/,,FRA
13/07/2021,62426488,36621863,26384208,72192,"Johnson&Johnson, Moderna, Oxford/AstraZeneca, Pfizer/BioNTech",France,https://www.data.gouv.fr/fr/datasets/donnees-relatives-aux-personnes-vaccinees-contre-la-covid-19-1/,,FRA
14/07/2021,62763617,36800714,26544144,72612,"Johnson&Johnson, Moderna, Oxford/AstraZeneca, Pfizer/BioNTech",France,https://www.data.gouv.fr/fr/datasets/donnees-relatives-aux-personnes-vaccinees-contre-la-covid-19-1/,,FRA
15/07/2021,63612094,37144674,27064626,74626,"Johnson&Johnson, Moderna, Oxford/AstraZeneca, Pfizer/BioNTech",France,https://www.data.gouv.fr/fr/datasets/donnees-relatives-aux-personnes-vaccinees-contre-la-covid-19-1/,,FRA
16/07/2021,64487686,37522107,27583327,76581,"Johnson&Johnson, Moderna, Oxford/AstraZeneca, Pfizer/BioNTech",France,https://www.data.gouv.fr/fr/datasets/donnees-relatives-aux-personnes-vaccinees-contre-la-covid-19-1/,,FRA
17/07/2021,65066760,37780325,27912890,77419,"Johnson&Johnson, Moderna, Oxford/AstraZeneca, Pfizer/BioNTech",France,https://www.data.gouv.fr/fr/datasets/donnees-relatives-aux-personnes-vaccinees-contre-la-covid-19-1/,,FRA
18/07/2021,65290961,37889206,28029179,77723,"Johnson&Johnson, Moderna, Oxford/AstraZeneca, Pfizer/BioNTech",France,https://www.data.gouv.fr/fr/datasets/donnees-relatives-aux-personnes-vaccinees-contre-la-covid-19-1/,,FRA
19/07/2021,66001287,38172520,28467334,79301,"Johnson&Johnson, Moderna, Oxford/AstraZeneca, Pfizer/BioNTech",France,https://www.data.gouv.fr/fr/datasets/donnees-relatives-aux-personnes-vaccinees-contre-la-covid-19-1/,,FRA
20/07/2021,66830379,38546891,28937485,80950,"Johnson&Johnson, Moderna, Oxford/AstraZeneca, Pfizer/BioNTech",France,https://www.data.gouv.fr/fr/datasets/donnees-relatives-aux-personnes-vaccinees-contre-la-covid-19-1/,,FRA
21/07/2021,67633526,38940137,29361195,82448,"Johnson&Johnson, Moderna, Oxford/AstraZeneca, Pfizer/BioNTech",France,https://www.data.gouv.fr/fr/datasets/donnees-relatives-aux-personnes-vaccinees-contre-la-covid-19-1/,,FRA
22/07/2021,68461854,39378410,29767559,84107,"Johnson&Johnson, Moderna, Oxford/AstraZeneca, Pfizer/BioNTech",France,https://www.data.gouv.fr/fr/datasets/donnees-relatives-aux-personnes-vaccinees-contre-la-covid-19-1/,,FRA
23/07/2021,69322892,39814823,30210454,85901,"Johnson&Johnson, Moderna, Oxford/AstraZeneca, Pfizer/BioNTech",France,https://www.data.gouv.fr/fr/datasets/donnees-relatives-aux-personnes-vaccinees-contre-la-covid-19-1/,,FRA
24/07/2021,69877811,40099026,30489437,86669,"Johnson&Johnson, Moderna, Oxford/AstraZeneca, Pfizer/BioNTech",France,https://www.data.gouv.fr/fr/datasets/donnees-relatives-aux-personnes-vaccinees-contre-la-covid-19-1/,,FRA
25/07/2021,70078496,40219303,30570827,86891,"Johnson&Johnson, Moderna, Oxford/AstraZeneca, Pfizer/BioNTech",France,https://www.data.gouv.fr/fr/datasets/donnees-relatives-aux-personnes-vaccinees-contre-la-covid-19-1/,,FRA
26/07/2021,70749287,40564850,30905200,88460,"Johnson&Johnson, Moderna, Oxford/AstraZeneca, Pfizer/BioNTech",France,https://www.data.gouv.fr/fr/datasets/donnees-relatives-aux-personnes-vaccinees-contre-la-covid-19-1/,,FRA
27/07/2021,71532788,41026147,31239953,90105,"Johnson&Johnson, Moderna, Oxford/AstraZeneca, Pfizer/BioNTech",France,https://www.data.gouv.fr/fr/datasets/donnees-relatives-aux-personnes-vaccinees-contre-la-covid-19-1/,,FRA
28/07/2021,72281212,41482810,31542531,91699,"Johnson&Johnson, Moderna, Oxford/AstraZeneca, Pfizer/BioNTech",France,https://www.data.gouv.fr/fr/datasets/donnees-relatives-aux-personnes-vaccinees-contre-la-covid-19-1/,,FRA
29/07/2021,73046547,41969795,31832829,93450,"Johnson&Johnson, Moderna, Oxford/AstraZeneca, Pfizer/BioNTech",France,https://www.data.gouv.fr/fr/datasets/donnees-relatives-aux-personnes-vaccinees-contre-la-covid-19-1/,,FRA
30/07/2021,73810521,42429257,32150605,95337,"Johnson&Johnson, Moderna, Oxford/AstraZeneca, Pfizer/BioNTech",France,https://www.data.gouv.fr/fr/datasets/donnees-relatives-aux-personnes-vaccinees-contre-la-covid-19-1/,,FRA
31/07/2021,74280584,42713553,32342086,96214,"Johnson&Johnson, Moderna, Oxford/AstraZeneca, Pfizer/BioNTech",France,https://www.data.gouv.fr/fr/datasets/donnees-relatives-aux-personnes-vaccinees-contre-la-covid-19-1/,,FRA
1/08/2021,74440824,42823579,32392883,96435,"Johnson&Johnson, Moderna, Oxford/AstraZeneca, Pfizer/BioNTech",France,https://www.data.gouv.fr/fr/datasets/donnees-relatives-aux-personnes-vaccinees-contre-la-covid-19-1/,,FRA
2/08/2021,75013059,43160150,32634561,97984,"Johnson&Johnson, Moderna, Oxford/AstraZeneca, Pfizer/BioNTech",France,https://www.data.gouv.fr/fr/datasets/donnees-relatives-aux-personnes-vaccinees-contre-la-covid-19-1/,,FRA
3/08/2021,75653622,43553951,32889972,99620,"Johnson&Johnson, Moderna, Oxford/AstraZeneca, Pfizer/BioNTech",France,https://www.data.gouv.fr/fr/datasets/donnees-relatives-aux-personnes-vaccinees-contre-la-covid-19-1/,,FRA
4/08/2021,76246753,43935473,33109134,101150,"Johnson&Johnson, Moderna, Oxford/AstraZeneca, Pfizer/BioNTech",France,https://www.data.gouv.fr/fr/datasets/donnees-relatives-aux-personnes-vaccinees-contre-la-covid-19-1/,,FRA
5/08/2021,76839882,44298404,33346865,102801,"Johnson&Johnson, Moderna, Oxford/AstraZeneca, Pfizer/BioNTech",France,https://www.data.gouv.fr/fr/datasets/donnees-relatives-aux-personnes-vaccinees-contre-la-covid-19-1/,,FRA
6/08/2021,77470190,44655216,33628268,104575,"Johnson&Johnson, Moderna, Oxford/AstraZeneca, Pfizer/BioNTech",France,https://www.data.gouv.fr/fr/datasets/donnees-relatives-aux-personnes-vaccinees-contre-la-covid-19-1/,,FRA
7/08/2021,77860546,44866495,33811262,105309,"Johnson&Johnson, Moderna, Oxford/AstraZeneca, Pfizer/BioNTech",France,https://www.data.gouv.fr/fr/datasets/donnees-relatives-aux-personnes-vaccinees-contre-la-covid-19-1/,,FRA
8/08/2021,77996685,44939192,33875456,105549,"Johnson&Johnson, Moderna, Oxford/AstraZeneca, Pfizer/BioNTech",France,https://www.data.gouv.fr/fr/datasets/donnees-relatives-aux-personnes-vaccinees-contre-la-covid-19-1/,,FRA
9/08/2021,78514048,45195409,34140918,107030,"Johnson&Johnson, Moderna, Oxford/AstraZeneca, Pfizer/BioNTech",France,https://www.data.gouv.fr/fr/datasets/donnees-relatives-aux-personnes-vaccinees-contre-la-covid-19-1/,,FRA
10/08/2021,79096986,45498477,34427564,108617,"Johnson&Johnson, Moderna, Oxford/AstraZeneca, Pfizer/BioNTech",France,https://www.data.gouv.fr/fr/datasets/donnees-relatives-aux-personnes-vaccinees-contre-la-covid-19-1/,,FRA
11/08/2021,79635508,45775260,34695558,109977,"Johnson&Johnson, Moderna, Oxford/AstraZeneca, Pfizer/BioNTech",France,https://www.data.gouv.fr/fr/datasets/donnees-relatives-aux-personnes-vaccinees-contre-la-covid-19-1/,,FRA
12/08/2021,80184292,46044277,34981897,111564,"Johnson&Johnson, Moderna, Oxford/AstraZeneca, Pfizer/BioNTech",France,https://www.data.gouv.fr/fr/datasets/donnees-relatives-aux-personnes-vaccinees-contre-la-covid-19-1/,,FRA
13/08/2021,80711070,46294248,35264255,113101,"Johnson&Johnson, Moderna, Oxford/AstraZeneca, Pfizer/BioNTech",France,https://www.data.gouv.fr/fr/datasets/donnees-relatives-aux-personnes-vaccinees-contre-la-covid-19-1/,,FRA
14/08/2021,81053919,46438395,35465753,113811,"Johnson&Johnson, Moderna, Oxford/AstraZeneca, Pfizer/BioNTech",France,https://www.data.gouv.fr/fr/datasets/donnees-relatives-aux-personnes-vaccinees-contre-la-covid-19-1/,,FRA
15/08/2021,81142193,46476282,35516575,113992,"Johnson&Johnson, Moderna, Oxford/AstraZeneca, Pfizer/BioNTech",France,https://www.data.gouv.fr/fr/datasets/donnees-relatives-aux-personnes-vaccinees-contre-la-covid-19-1/,,FRA
16/08/2021,81646166,46660422,35838687,115447,"Johnson&Johnson, Moderna, Oxford/AstraZeneca, Pfizer/BioNTech",France,https://www.data.gouv.fr/fr/datasets/donnees-relatives-aux-personnes-vaccinees-contre-la-covid-19-1/,,FRA
17/08/2021,82197918,46873796,36180828,117006,"Johnson&Johnson, Moderna, Oxford/AstraZeneca, Pfizer/BioNTech",France,https://www.data.gouv.fr/fr/datasets/donnees-relatives-aux-personnes-vaccinees-contre-la-covid-19-1/,,FRA
18/08/2021,82720993,47070654,36510388,118533,"Johnson&Johnson, Moderna, Oxford/AstraZeneca, Pfizer/BioNTech",France,https://www.data.gouv.fr/fr/datasets/donnees-relatives-aux-personnes-vaccinees-contre-la-covid-19-1/,,FRA
19/08/2021,83238020,47260822,36840887,120085,"Johnson&Johnson, Moderna, Oxford/AstraZeneca, Pfizer/BioNTech",France,https://www.data.gouv.fr/fr/datasets/donnees-relatives-aux-personnes-vaccinees-contre-la-covid-19-1/,,FRA
20/08/2021,83788648,47444884,37210687,121779,"Johnson&Johnson, Moderna, Oxford/AstraZeneca, Pfizer/BioNTech",France,https://www.data.gouv.fr/fr/datasets/donnees-relatives-aux-personnes-vaccinees-contre-la-covid-19-1/,,FRA
21/08/2021,84131145,47548745,37450795,122431,"Johnson&Johnson, Moderna, Oxford/AstraZeneca, Pfizer/BioNTech",France,https://www.data.gouv.fr/fr/datasets/donnees-relatives-aux-personnes-vaccinees-contre-la-covid-19-1/,,FRA
22/08/2021,84250030,47580221,37538325,122651,"Johnson&Johnson, Moderna, Oxford/AstraZeneca, Pfizer/BioNTech",France,https://www.data.gouv.fr/fr/datasets/donnees-relatives-aux-personnes-vaccinees-contre-la-covid-19-1/,,FRA
23/08/2021,84747976,47719750,37897887,124147,"Johnson&Johnson, Moderna, Oxford/AstraZeneca, Pfizer/BioNTech",France,https://www.data.gouv.fr/fr/datasets/donnees-relatives-aux-personnes-vaccinees-contre-la-covid-19-1/,,FRA
24/08/2021,85287462,47880692,38278177,125910,"Johnson&Johnson, Moderna, Oxford/AstraZeneca, Pfizer/BioNTech",France,https://www.data.gouv.fr/fr/datasets/donnees-relatives-aux-personnes-vaccinees-contre-la-covid-19-1/,,FRA
25/08/2021,85789089,48029911,38631995,127841,"Johnson&Johnson, Moderna, Oxford/AstraZeneca, Pfizer/BioNTech",France,https://www.data.gouv.fr/fr/datasets/donnees-relatives-aux-personnes-vaccinees-contre-la-covid-19-1/,,FRA
26/08/2021,86274735,48171108,38977484,130319,"Johnson&Johnson, Moderna, Oxford/AstraZeneca, Pfizer/BioNTech",France,https://www.data.gouv.fr/fr/datasets/donnees-relatives-aux-personnes-vaccinees-contre-la-covid-19-1/,,FRA
27/08/2021,86811051,48317677,39367929,133039,"Johnson&Johnson, Moderna, Oxford/AstraZeneca, Pfizer/BioNTech",France,https://www.data.gouv.fr/fr/datasets/donnees-relatives-aux-personnes-vaccinees-contre-la-covid-19-1/,,FRA
28/08/2021,87151588,48407445,39618952,134390,"Johnson&Johnson, Moderna, Oxford/AstraZeneca, Pfizer/BioNTech",France,https://www.data.gouv.fr/fr/datasets/donnees-relatives-aux-personnes-vaccinees-contre-la-covid-19-1/,,FRA
29/08/2021,87262126,48434333,39702469,134872,"Johnson&Johnson, Moderna, Oxford/AstraZeneca, Pfizer/BioNTech",France,https://www.data.gouv.fr/fr/datasets/donnees-relatives-aux-personnes-vaccinees-contre-la-covid-19-1/,,FRA
30/08/2021,87707228,48550288,40028843,139481,"Johnson&Johnson, Moderna, Oxford/AstraZeneca, Pfizer/BioNTech",France,https://www.data.gouv.fr/fr/datasets/donnees-relatives-aux-personnes-vaccinees-contre-la-covid-19-1/,,FRA
31/08/2021,88179292,48677889,40365665,149448,"Johnson&Johnson, Moderna, Oxford/AstraZeneca, Pfizer/BioNTech",France,https://www.data.gouv.fr/fr/datasets/donnees-relatives-aux-personnes-vaccinees-contre-la-covid-19-1/,,FRA
1/09/2021,88611524,48803308,40652462,171347,"Johnson&Johnson, Moderna, Oxford/AstraZeneca, Pfizer/BioNTech",France,https://www.data.gouv.fr/fr/datasets/donnees-relatives-aux-personnes-vaccinees-contre-la-covid-19-1/,,FRA
2/09/2021,88989922,48908928,40901516,197216,"Johnson&Johnson, Moderna, Oxford/AstraZeneca, Pfizer/BioNTech",France,https://www.data.gouv.fr/fr/datasets/donnees-relatives-aux-personnes-vaccinees-contre-la-covid-19-1/,,FRA
3/09/2021,89426208,49023588,41195982,226594,"Johnson&Johnson, Moderna, Oxford/AstraZeneca, Pfizer/BioNTech",France,https://www.data.gouv.fr/fr/datasets/donnees-relatives-aux-personnes-vaccinees-contre-la-covid-19-1/,,FRA
4/09/2021,89744265,49111857,41414695,238967,"Johnson&Johnson, Moderna, Oxford/AstraZeneca, Pfizer/BioNTech",France,https://www.data.gouv.fr/fr/datasets/donnees-relatives-aux-personnes-vaccinees-contre-la-covid-19-1/,,FRA
5/09/2021,89814415,49132731,41460062,243251,"Johnson&Johnson, Moderna, Oxford/AstraZeneca, Pfizer/BioNTech",France,https://www.data.gouv.fr/fr/datasets/donnees-relatives-aux-personnes-vaccinees-contre-la-covid-19-1/,,FRA
6/09/2021,90097675,49203803,41642280,274758,"Johnson&Johnson, Moderna, Oxford/AstraZeneca, Pfizer/BioNTech",France,https://www.data.gouv.fr/fr/datasets/donnees-relatives-aux-personnes-vaccinees-contre-la-covid-19-1/,,FRA
7/09/2021,90385623,49278269,41824821,307246,"Johnson&Johnson, Moderna, Oxford/AstraZeneca, Pfizer/BioNTech",France,https://www.data.gouv.fr/fr/datasets/donnees-relatives-aux-personnes-vaccinees-contre-la-covid-19-1/,,FRA
8/09/2021,90706048,49363630,42031855,336420,"Johnson&Johnson, Moderna, Oxford/AstraZeneca, Pfizer/BioNTech",France,https://www.data.gouv.fr/fr/datasets/donnees-relatives-aux-personnes-vaccinees-contre-la-covid-19-1/,,FRA
9/09/2021,90974707,49435657,42197877,368295,"Johnson&Johnson, Moderna, Oxford/AstraZeneca, Pfizer/BioNTech",France,https://www.data.gouv.fr/fr/datasets/donnees-relatives-aux-personnes-vaccinees-contre-la-covid-19-1/,,FRA
10/09/2021,91303272,49526906,42402263,402623,"Johnson&Johnson, Moderna, Oxford/AstraZeneca, Pfizer/BioNTech",France,https://www.data.gouv.fr/fr/datasets/donnees-relatives-aux-personnes-vaccinees-contre-la-covid-19-1/,,FRA
11/09/2021,91548870,49591974,42571619,414474,"Johnson&Johnson, Moderna, Oxford/AstraZeneca, Pfizer/BioNTech",France,https://www.data.gouv.fr/fr/datasets/donnees-relatives-aux-personnes-vaccinees-contre-la-covid-19-1/,,FRA
12/09/2021,91595906,49604284,42603834,417114,"Johnson&Johnson, Moderna, Oxford/AstraZeneca, Pfizer/BioNTech",France,https://www.data.gouv.fr/fr/datasets/donnees-relatives-aux-personnes-vaccinees-contre-la-covid-19-1/,,FRA
13/09/2021,91822372,49664517,42731006,457099,"Johnson&Johnson, Moderna, Oxford/AstraZeneca, Pfizer/BioNTech",France,https://www.data.gouv.fr/fr/datasets/donnees-relatives-aux-personnes-vaccinees-contre-la-covid-19-1/,,FRA
14/09/2021,92075759,49734728,42860808,511494,"Johnson&Johnson, Moderna, Oxford/AstraZeneca, Pfizer/BioNTech",France,https://www.data.gouv.fr/fr/datasets/donnees-relatives-aux-personnes-vaccinees-contre-la-covid-19-1/,,FRA
15/09/2021,92369758,49807152,43029126,565653,"Johnson&Johnson, Moderna, Oxford/AstraZeneca, Pfizer/BioNTech",France,https://www.data.gouv.fr/fr/datasets/donnees-relatives-aux-personnes-vaccinees-contre-la-covid-19-1/,,FRA
16/09/2021,92602946,49868182,43143821,623836,"Johnson&Johnson, Moderna, Oxford/AstraZeneca, Pfizer/BioNTech",France,https://www.data.gouv.fr/fr/datasets/donnees-relatives-aux-personnes-vaccinees-contre-la-covid-19-1/,,FRA
17/09/2021,92883941,49940315,43300845,676364,"Johnson&Johnson, Moderna, Oxford/AstraZeneca, Pfizer/BioNTech",France,https://www.data.gouv.fr/fr/datasets/donnees-relatives-aux-personnes-vaccinees-contre-la-covid-19-1/,,FRA
18/09/2021,93085124,49987050,43440405,691663,"Johnson&Johnson, Moderna, Oxford/AstraZeneca, Pfizer/BioNTech",France,https://www.data.gouv.fr/fr/datasets/donnees-relatives-aux-personnes-vaccinees-contre-la-covid-19-1/,,FRA
19/09/2021,93118709,49994531,43464341,693982,"Johnson&Johnson, Moderna, Oxford/AstraZeneca, Pfizer/BioNTech",France,https://www.data.gouv.fr/fr/datasets/donnees-relatives-aux-personnes-vaccinees-contre-la-covid-19-1/,,FRA
20/09/2021,93301850,50035408,43558236,742664,"Johnson&Johnson, Moderna, Oxford/AstraZeneca, Pfizer/BioNTech",France,https://www.data.gouv.fr/fr/datasets/donnees-relatives-aux-personnes-vaccinees-contre-la-covid-19-1/,,FRA
21/09/2021,93505039,50079589,43656916,803341,"Johnson&Johnson, Moderna, Oxford/AstraZeneca, Pfizer/BioNTech",France,https://www.data.gouv.fr/fr/datasets/donnees-relatives-aux-personnes-vaccinees-contre-la-covid-19-1/,,FRA
22/09/2021,93745902,50125981,43798179,856841,"Johnson&Johnson, Moderna, Oxford/AstraZeneca, Pfizer/BioNTech",France,https://www.data.gouv.fr/fr/datasets/donnees-relatives-aux-personnes-vaccinees-contre-la-covid-19-1/,,FRA
23/09/2021,93937669,50167378,43889094,916676,"Johnson&Johnson, Moderna, Oxford/AstraZeneca, Pfizer/BioNTech",France,https://www.data.gouv.fr/fr/datasets/donnees-relatives-aux-personnes-vaccinees-contre-la-covid-19-1/,,FRA
24/09/2021,94172124,50217624,44020999,969311,"Johnson&Johnson, Moderna, Oxford/AstraZeneca, Pfizer/BioNTech",France,https://www.data.gouv.fr/fr/datasets/donnees-relatives-aux-personnes-vaccinees-contre-la-covid-19-1/,,FRA
25/09/2021,94335825,50250601,44135947,985306,"Johnson&Johnson, Moderna, Oxford/AstraZeneca, Pfizer/BioNTech",France,https://www.data.gouv.fr/fr/datasets/donnees-relatives-aux-personnes-vaccinees-contre-la-covid-19-1/,,FRA
26/09/2021,94360940,50255707,44153814,987495,"Johnson&Johnson, Moderna, Oxford/AstraZeneca, Pfizer/BioNTech",France,https://www.data.gouv.fr/fr/datasets/donnees-relatives-aux-personnes-vaccinees-contre-la-covid-19-1/,,FRA
27/09/2021,94515633,50288045,44230543,1033322,"Johnson&Johnson, Moderna, Oxford/AstraZeneca, Pfizer/BioNTech",France,https://www.data.gouv.fr/fr/datasets/donnees-relatives-aux-personnes-vaccinees-contre-la-covid-19-1/,,FRA
28/09/2021,94677950,50322849,44305092,1086535,"Johnson&Johnson, Moderna, Oxford/AstraZeneca, Pfizer/BioNTech",France,https://www.data.gouv.fr/fr/datasets/donnees-relatives-aux-personnes-vaccinees-contre-la-covid-19-1/,,FRA
29/09/2021,94871977,50365404,44405579,1137813,"Johnson&Johnson, Moderna, Oxford/AstraZeneca, Pfizer/BioNTech",France,https://www.data.gouv.fr/fr/datasets/donnees-relatives-aux-personnes-vaccinees-contre-la-covid-19-1/,,FRA
30/09/2021,95031268,50399629,44476102,1192611,"Johnson&Johnson, Moderna, Oxford/AstraZeneca, Pfizer/BioNTech",France,https://www.data.gouv.fr/fr/datasets/donnees-relatives-aux-personnes-vaccinees-contre-la-covid-19-1/,,FRA
1/10/2021,95231259,50444906,44574788,1248924,"Johnson&Johnson, Moderna, Oxford/AstraZeneca, Pfizer/BioNTech",France,https://www.data.gouv.fr/fr/datasets/donnees-relatives-aux-personnes-vaccinees-contre-la-covid-19-1/,,FRA
2/10/2021,95364765,50480057,44652590,1269594,"Johnson&Johnson, Moderna, Oxford/AstraZeneca, Pfizer/BioNTech",France,https://www.data.gouv.fr/fr/datasets/donnees-relatives-aux-personnes-vaccinees-contre-la-covid-19-1/,,FRA
3/10/2021,95382577,50484812,44663274,1272023,"Johnson&Johnson, Moderna, Oxford/AstraZeneca, Pfizer/BioNTech",France,https://www.data.gouv.fr/fr/datasets/donnees-relatives-aux-personnes-vaccinees-contre-la-covid-19-1/,,FRA
4/10/2021,95519288,50512454,44721145,1323449,"Johnson&Johnson, Moderna, Oxford/AstraZeneca, Pfizer/BioNTech",France,https://www.data.gouv.fr/fr/datasets/donnees-relatives-aux-personnes-vaccinees-contre-la-covid-19-1/,,FRA
5/10/2021,95670922,50541303,44785084,1382469,"Johnson&Johnson, Moderna, Oxford/AstraZeneca, Pfizer/BioNTech",France,https://www.data.gouv.fr/fr/datasets/donnees-relatives-aux-personnes-vaccinees-contre-la-covid-19-1/,,FRA
6/10/2021,95852057,50579794,44863761,1446605,"Johnson&Johnson, Moderna, Oxford/AstraZeneca, Pfizer/BioNTech",France,https://www.data.gouv.fr/fr/datasets/donnees-relatives-aux-personnes-vaccinees-contre-la-covid-19-1/,,FRA
7/10/2021,96004583,50607738,44925250,1509872,"Johnson&Johnson, Moderna, Oxford/AstraZeneca, Pfizer/BioNTech",France,https://www.data.gouv.fr/fr/datasets/donnees-relatives-aux-personnes-vaccinees-contre-la-covid-19-1/,,FRA
8/10/2021,96214869,50651014,45016508,1585841,"Johnson&Johnson, Moderna, Oxford/AstraZeneca, Pfizer/BioNTech",France,https://www.data.gouv.fr/fr/datasets/donnees-relatives-aux-personnes-vaccinees-contre-la-covid-19-1/,,FRA
9/10/2021,96338255,50682988,45076985,1616904,"Johnson&Johnson, Moderna, Oxford/AstraZeneca, Pfizer/BioNTech",France,https://www.data.gouv.fr/fr/datasets/donnees-relatives-aux-personnes-vaccinees-contre-la-covid-19-1/,,FRA
10/10/2021,96352200,50686800,45084098,1619969,"Johnson&Johnson, Moderna, Oxford/AstraZeneca, Pfizer/BioNTech",France,https://www.data.gouv.fr/fr/datasets/donnees-relatives-aux-personnes-vaccinees-contre-la-covid-19-1/,,FRA
11/10/2021,96488394,50713657,45133738,1679806,"Johnson&Johnson, Moderna, Oxford/AstraZeneca, Pfizer/BioNTech",France,https://www.data.gouv.fr/fr/datasets/donnees-relatives-aux-personnes-vaccinees-contre-la-covid-19-1/,,FRA
12/10/2021,96639402,50741986,45187819,1748524,"Johnson&Johnson, Moderna, Oxford/AstraZeneca, Pfizer/BioNTech",France,https://www.data.gouv.fr/fr/datasets/donnees-relatives-aux-personnes-vaccinees-contre-la-covid-19-1/,,FRA
13/10/2021,96811831,50779264,45249993,1821636,"Johnson&Johnson, Moderna, Oxford/AstraZeneca, Pfizer/BioNTech",France,https://www.data.gouv.fr/fr/datasets/donnees-relatives-aux-personnes-vaccinees-contre-la-covid-19-1/,,FRA
14/10/2021,96958778,50807153,45302492,1888395,"Johnson&Johnson, Moderna, Oxford/AstraZeneca, Pfizer/BioNTech",France,https://www.data.gouv.fr/fr/datasets/donnees-relatives-aux-personnes-vaccinees-contre-la-covid-19-1/,,FRA
15/10/2021,97165442,50848266,45376786,1979828,"Johnson&Johnson, Moderna, Oxford/AstraZeneca, Pfizer/BioNTech",France,https://www.data.gouv.fr/fr/datasets/donnees-relatives-aux-personnes-vaccinees-contre-la-covid-19-1/,,FRA
16/10/2021,97275109,50877875,45420716,2016045,"Johnson&Johnson, Moderna, Oxford/AstraZeneca, Pfizer/BioNTech",France,https://www.data.gouv.fr/fr/datasets/donnees-relatives-aux-personnes-vaccinees-contre-la-covid-19-1/,,FRA
17/10/2021,97287229,50881194,45426066,2019544,"Johnson&Johnson, Moderna, Oxford/AstraZeneca, Pfizer/BioNTech",France,https://www.data.gouv.fr/fr/datasets/donnees-relatives-aux-personnes-vaccinees-contre-la-covid-19-1/,,FRA
18/10/2021,97419426,50906477,45466793,2085886,"Johnson&Johnson, Moderna, Oxford/AstraZeneca, Pfizer/BioNTech",France,https://www.data.gouv.fr/fr/datasets/donnees-relatives-aux-personnes-vaccinees-contre-la-covid-19-1/,,FRA
19/10/2021,97561595,50931477,45510028,2159940,"Johnson&Johnson, Moderna, Oxford/AstraZeneca, Pfizer/BioNTech",France,https://www.data.gouv.fr/fr/datasets/donnees-relatives-aux-personnes-vaccinees-contre-la-covid-19-1/,,FRA
20/10/2021,97739186,50963832,45561652,2253683,"Johnson&Johnson, Moderna, Oxford/AstraZeneca, Pfizer/BioNTech",France,https://www.data.gouv.fr/fr/datasets/donnees-relatives-aux-personnes-vaccinees-contre-la-covid-19-1/,,FRA
21/10/2021,97886077,50987174,45606061,2332941,"Johnson&Johnson, Moderna, Oxford/AstraZeneca, Pfizer/BioNTech",France,https://www.data.gouv.fr/fr/datasets/donnees-relatives-aux-personnes-vaccinees-contre-la-covid-19-1/,,FRA
