date,total_vaccinations,people_vaccinated,people_fully_vaccinated,total_boosters,location,source_url,vaccine,iso_code
19/12/2020,62,62,,0,Israel,https://datadashboard.health.gov.il/COVID-19/general,Pfizer/BioNTech,ISR
20/12/2020,7444,7444,,0,Israel,https://datadashboard.health.gov.il/COVID-19/general,Pfizer/BioNTech,ISR
21/12/2020,32345,32345,,0,Israel,https://datadashboard.health.gov.il/COVID-19/general,Pfizer/BioNTech,ISR
22/12/2020,76976,76976,,0,Israel,https://datadashboard.health.gov.il/COVID-19/general,Pfizer/BioNTech,ISR
23/12/2020,139848,139848,,0,Israel,https://datadashboard.health.gov.il/COVID-19/general,Pfizer/BioNTech,ISR
24/12/2020,213226,213226,,0,Israel,https://datadashboard.health.gov.il/COVID-19/general,Pfizer/BioNTech,ISR
25/12/2020,251704,251704,,0,Israel,https://datadashboard.health.gov.il/COVID-19/general,Pfizer/BioNTech,ISR
26/12/2020,284303,284303,,0,Israel,https://datadashboard.health.gov.il/COVID-19/general,Pfizer/BioNTech,ISR
27/12/2020,388768,388768,,0,Israel,https://datadashboard.health.gov.il/COVID-19/general,Pfizer/BioNTech,ISR
28/12/2020,523687,523687,,0,Israel,https://datadashboard.health.gov.il/COVID-19/general,Pfizer/BioNTech,ISR
29/12/2020,679840,679840,,0,Israel,https://datadashboard.health.gov.il/COVID-19/general,Pfizer/BioNTech,ISR
30/12/2020,832802,832802,,0,Israel,https://datadashboard.health.gov.il/COVID-19/general,Pfizer/BioNTech,ISR
31/12/2020,991206,991206,,0,Israel,https://datadashboard.health.gov.il/COVID-19/general,Pfizer/BioNTech,ISR
1/01/2021,1062535,1062535,,0,Israel,https://datadashboard.health.gov.il/COVID-19/general,Pfizer/BioNTech,ISR
2/01/2021,1134207,1134207,,0,Israel,https://datadashboard.health.gov.il/COVID-19/general,Pfizer/BioNTech,ISR
3/01/2021,1283787,1283787,,0,Israel,https://datadashboard.health.gov.il/COVID-19/general,Pfizer/BioNTech,ISR
4/01/2021,1435822,1435821,1,0,Israel,https://datadashboard.health.gov.il/COVID-19/general,Pfizer/BioNTech,ISR
5/01/2021,1560855,1560854,1,0,Israel,https://datadashboard.health.gov.il/COVID-19/general,Pfizer/BioNTech,ISR
6/01/2021,1664066,1664064,2,0,Israel,https://datadashboard.health.gov.il/COVID-19/general,Pfizer/BioNTech,ISR
7/01/2021,1780013,1780006,7,0,Israel,https://datadashboard.health.gov.il/COVID-19/general,"Moderna, Pfizer/BioNTech",ISR
8/01/2021,1846400,1846390,10,0,Israel,https://datadashboard.health.gov.il/COVID-19/general,"Moderna, Pfizer/BioNTech",ISR
9/01/2021,1890914,1890881,33,0,Israel,https://datadashboard.health.gov.il/COVID-19/general,"Moderna, Pfizer/BioNTech",ISR
10/01/2021,1934483,1928460,6023,0,Israel,https://datadashboard.health.gov.il/COVID-19/general,"Moderna, Pfizer/BioNTech",ISR
11/01/2021,1974811,1949541,25270,0,Israel,https://datadashboard.health.gov.il/COVID-19/general,"Moderna, Pfizer/BioNTech",ISR
12/01/2021,2034427,1973511,60916,0,Israel,https://datadashboard.health.gov.il/COVID-19/general,"Moderna, Pfizer/BioNTech",ISR
13/01/2021,2143245,2025486,117759,0,Israel,https://datadashboard.health.gov.il/COVID-19/general,"Moderna, Pfizer/BioNTech",ISR
14/01/2021,2268416,2081859,186557,0,Israel,https://datadashboard.health.gov.il/COVID-19/general,"Moderna, Pfizer/BioNTech",ISR
15/01/2021,2335004,2112543,222461,0,Israel,https://datadashboard.health.gov.il/COVID-19/general,"Moderna, Pfizer/BioNTech",ISR
16/01/2021,2390407,2141950,248457,0,Israel,https://datadashboard.health.gov.il/COVID-19/general,"Moderna, Pfizer/BioNTech",ISR
17/01/2021,2543278,2210288,332990,0,Israel,https://datadashboard.health.gov.il/COVID-19/general,"Moderna, Pfizer/BioNTech",ISR
18/01/2021,2733249,2279924,453325,0,Israel,https://datadashboard.health.gov.il/COVID-19/general,"Moderna, Pfizer/BioNTech",ISR
19/01/2021,2943683,2352652,591031,0,Israel,https://datadashboard.health.gov.il/COVID-19/general,"Moderna, Pfizer/BioNTech",ISR
20/01/2021,3163992,2429348,734644,0,Israel,https://datadashboard.health.gov.il/COVID-19/general,"Moderna, Pfizer/BioNTech",ISR
21/01/2021,3398050,2499158,898892,0,Israel,https://datadashboard.health.gov.il/COVID-19/general,"Moderna, Pfizer/BioNTech",ISR
22/01/2021,3506879,2536954,969925,0,Israel,https://datadashboard.health.gov.il/COVID-19/general,"Moderna, Pfizer/BioNTech",ISR
23/01/2021,3600306,2576856,1023450,0,Israel,https://datadashboard.health.gov.il/COVID-19/general,"Moderna, Pfizer/BioNTech",ISR
24/01/2021,3809849,2645856,1163993,0,Israel,https://datadashboard.health.gov.il/COVID-19/general,"Moderna, Pfizer/BioNTech",ISR
25/01/2021,4030006,2726649,1303357,0,Israel,https://datadashboard.health.gov.il/COVID-19/general,"Moderna, Pfizer/BioNTech",ISR
26/01/2021,4234852,2805223,1429629,0,Israel,https://datadashboard.health.gov.il/COVID-19/general,"Moderna, Pfizer/BioNTech",ISR
27/01/2021,4437541,2883015,1554526,0,Israel,https://datadashboard.health.gov.il/COVID-19/general,"Moderna, Pfizer/BioNTech",ISR
28/01/2021,4647435,2962437,1684998,0,Israel,https://datadashboard.health.gov.il/COVID-19/general,"Moderna, Pfizer/BioNTech",ISR
29/01/2021,4748721,2999008,1749713,0,Israel,https://datadashboard.health.gov.il/COVID-19/general,"Moderna, Pfizer/BioNTech",ISR
30/01/2021,4825760,3033344,1792416,0,Israel,https://datadashboard.health.gov.il/COVID-19/general,"Moderna, Pfizer/BioNTech",ISR
31/01/2021,4958407,3106575,1851832,0,Israel,https://datadashboard.health.gov.il/COVID-19/general,"Moderna, Pfizer/BioNTech",ISR
1/02/2021,5076066,3188961,1887105,0,Israel,https://datadashboard.health.gov.il/COVID-19/general,"Moderna, Pfizer/BioNTech",ISR
2/02/2021,5177009,3258904,1918105,0,Israel,https://datadashboard.health.gov.il/COVID-19/general,"Moderna, Pfizer/BioNTech",ISR
3/02/2021,5288494,3319057,1969437,0,Israel,https://datadashboard.health.gov.il/COVID-19/general,"Moderna, Pfizer/BioNTech",ISR
4/02/2021,5418986,3391543,2027443,0,Israel,https://datadashboard.health.gov.il/COVID-19/general,"Moderna, Pfizer/BioNTech",ISR
5/02/2021,5481536,3425376,2056160,0,Israel,https://datadashboard.health.gov.il/COVID-19/general,"Moderna, Pfizer/BioNTech",ISR
6/02/2021,5525281,3446940,2078341,0,Israel,https://datadashboard.health.gov.il/COVID-19/general,"Moderna, Pfizer/BioNTech",ISR
7/02/2021,5647905,3500938,2146967,0,Israel,https://datadashboard.health.gov.il/COVID-19/general,"Moderna, Pfizer/BioNTech",ISR
8/02/2021,5771759,3559476,2212283,0,Israel,https://datadashboard.health.gov.il/COVID-19/general,"Moderna, Pfizer/BioNTech",ISR
9/02/2021,5905417,3625700,2279717,0,Israel,https://datadashboard.health.gov.il/COVID-19/general,"Moderna, Pfizer/BioNTech",ISR
10/02/2021,6047955,3696107,2351848,0,Israel,https://datadashboard.health.gov.il/COVID-19/general,"Moderna, Pfizer/BioNTech",ISR
11/02/2021,6200918,3777120,2423798,0,Israel,https://datadashboard.health.gov.il/COVID-19/general,"Moderna, Pfizer/BioNTech",ISR
12/02/2021,6277409,3816113,2461296,0,Israel,https://datadashboard.health.gov.il/COVID-19/general,"Moderna, Pfizer/BioNTech",ISR
13/02/2021,6335185,3843506,2491679,0,Israel,https://datadashboard.health.gov.il/COVID-19/general,"Moderna, Pfizer/BioNTech",ISR
14/02/2021,6478936,3918299,2560637,0,Israel,https://datadashboard.health.gov.il/COVID-19/general,"Moderna, Pfizer/BioNTech",ISR
15/02/2021,6635910,3999692,2636218,0,Israel,https://datadashboard.health.gov.il/COVID-19/general,"Moderna, Pfizer/BioNTech",ISR
16/02/2021,6797382,4083014,2714368,0,Israel,https://datadashboard.health.gov.il/COVID-19/general,"Moderna, Pfizer/BioNTech",ISR
17/02/2021,6934727,4144875,2789852,0,Israel,https://datadashboard.health.gov.il/COVID-19/general,"Moderna, Pfizer/BioNTech",ISR
18/02/2021,7083374,4213906,2869468,0,Israel,https://datadashboard.health.gov.il/COVID-19/general,"Moderna, Pfizer/BioNTech",ISR
19/02/2021,7161007,4253485,2907522,0,Israel,https://datadashboard.health.gov.il/COVID-19/general,"Moderna, Pfizer/BioNTech",ISR
20/02/2021,7221277,4285077,2936200,0,Israel,https://datadashboard.health.gov.il/COVID-19/general,"Moderna, Pfizer/BioNTech",ISR
21/02/2021,7378946,4364410,3014536,0,Israel,https://datadashboard.health.gov.il/COVID-19/general,"Moderna, Pfizer/BioNTech",ISR
22/02/2021,7544362,4449349,3095013,0,Israel,https://datadashboard.health.gov.il/COVID-19/general,"Moderna, Pfizer/BioNTech",ISR
23/02/2021,7691916,4526567,3165349,0,Israel,https://datadashboard.health.gov.il/COVID-19/general,"Moderna, Pfizer/BioNTech",ISR
24/02/2021,7815830,4587510,3228320,0,Israel,https://datadashboard.health.gov.il/COVID-19/general,"Moderna, Pfizer/BioNTech",ISR
25/02/2021,7932101,4639110,3292991,0,Israel,https://datadashboard.health.gov.il/COVID-19/general,"Moderna, Pfizer/BioNTech",ISR
26/02/2021,7989846,4664913,3324933,0,Israel,https://datadashboard.health.gov.il/COVID-19/general,"Moderna, Pfizer/BioNTech",ISR
27/02/2021,8029288,4683194,3346094,0,Israel,https://datadashboard.health.gov.il/COVID-19/general,"Moderna, Pfizer/BioNTech",ISR
28/02/2021,8125306,4723412,3401894,0,Israel,https://datadashboard.health.gov.il/COVID-19/general,"Moderna, Pfizer/BioNTech",ISR
1/03/2021,8232201,4768978,3463223,0,Israel,https://datadashboard.health.gov.il/COVID-19/general,"Moderna, Pfizer/BioNTech",ISR
2/03/2021,8337905,4810031,3527874,0,Israel,https://datadashboard.health.gov.il/COVID-19/general,"Moderna, Pfizer/BioNTech",ISR
3/03/2021,8446427,4851901,3594526,0,Israel,https://datadashboard.health.gov.il/COVID-19/general,"Moderna, Pfizer/BioNTech",ISR
4/03/2021,8564935,4891436,3673499,0,Israel,https://datadashboard.health.gov.il/COVID-19/general,"Moderna, Pfizer/BioNTech",ISR
5/03/2021,8622508,4908643,3713865,0,Israel,https://datadashboard.health.gov.il/COVID-19/general,"Moderna, Pfizer/BioNTech",ISR
6/03/2021,8658413,4919250,3739163,0,Israel,https://datadashboard.health.gov.il/COVID-19/general,"Moderna, Pfizer/BioNTech",ISR
7/03/2021,8762182,4950273,3811909,0,Israel,https://datadashboard.health.gov.il/COVID-19/general,"Moderna, Pfizer/BioNTech",ISR
8/03/2021,8862570,4977493,3885077,0,Israel,https://datadashboard.health.gov.il/COVID-19/general,"Moderna, Pfizer/BioNTech",ISR
9/03/2021,8965663,5004082,3961581,0,Israel,https://datadashboard.health.gov.il/COVID-19/general,"Moderna, Pfizer/BioNTech",ISR
10/03/2021,9047404,5027258,4020146,0,Israel,https://datadashboard.health.gov.il/COVID-19/general,"Moderna, Pfizer/BioNTech",ISR
11/03/2021,9139474,5050374,4089100,0,Israel,https://datadashboard.health.gov.il/COVID-19/general,"Moderna, Pfizer/BioNTech",ISR
12/03/2021,9191945,5061518,4130427,0,Israel,https://datadashboard.health.gov.il/COVID-19/general,"Moderna, Pfizer/BioNTech",ISR
13/03/2021,9225006,5069388,4155618,0,Israel,https://datadashboard.health.gov.il/COVID-19/general,"Moderna, Pfizer/BioNTech",ISR
14/03/2021,9319724,5090247,4229477,0,Israel,https://datadashboard.health.gov.il/COVID-19/general,"Moderna, Pfizer/BioNTech",ISR
15/03/2021,9417834,5110210,4307624,0,Israel,https://datadashboard.health.gov.il/COVID-19/general,"Moderna, Pfizer/BioNTech",ISR
16/03/2021,9507820,5128805,4379015,0,Israel,https://datadashboard.health.gov.il/COVID-19/general,"Moderna, Pfizer/BioNTech",ISR
17/03/2021,9584285,5146354,4437931,0,Israel,https://datadashboard.health.gov.il/COVID-19/general,"Moderna, Pfizer/BioNTech",ISR
18/03/2021,9658192,5162234,4495958,0,Israel,https://datadashboard.health.gov.il/COVID-19/general,"Moderna, Pfizer/BioNTech",ISR
19/03/2021,9692883,5169025,4523858,0,Israel,https://datadashboard.health.gov.il/COVID-19/general,"Moderna, Pfizer/BioNTech",ISR
20/03/2021,9713277,5174163,4539114,0,Israel,https://datadashboard.health.gov.il/COVID-19/general,"Moderna, Pfizer/BioNTech",ISR
21/03/2021,9766761,5187233,4579528,0,Israel,https://datadashboard.health.gov.il/COVID-19/general,"Moderna, Pfizer/BioNTech",ISR
22/03/2021,9820599,5200641,4619958,0,Israel,https://datadashboard.health.gov.il/COVID-19/general,"Moderna, Pfizer/BioNTech",ISR
23/03/2021,9830451,5203293,4627158,0,Israel,https://datadashboard.health.gov.il/COVID-19/general,"Moderna, Pfizer/BioNTech",ISR
24/03/2021,9887721,5214129,4673592,0,Israel,https://datadashboard.health.gov.il/COVID-19/general,"Moderna, Pfizer/BioNTech",ISR
25/03/2021,9933123,5224216,4708907,0,Israel,https://datadashboard.health.gov.il/COVID-19/general,"Moderna, Pfizer/BioNTech",ISR
26/03/2021,9950418,5228260,4722158,0,Israel,https://datadashboard.health.gov.il/COVID-19/general,"Moderna, Pfizer/BioNTech",ISR
27/03/2021,9956357,5229980,4726377,0,Israel,https://datadashboard.health.gov.il/COVID-19/general,"Moderna, Pfizer/BioNTech",ISR
28/03/2021,9962974,5232033,4730941,0,Israel,https://datadashboard.health.gov.il/COVID-19/general,"Moderna, Pfizer/BioNTech",ISR
29/03/2021,9999692,5238828,4760864,0,Israel,https://datadashboard.health.gov.il/COVID-19/general,"Moderna, Pfizer/BioNTech",ISR
30/03/2021,10029702,5246531,4783171,0,Israel,https://datadashboard.health.gov.il/COVID-19/general,"Moderna, Pfizer/BioNTech",ISR
31/03/2021,10057039,5254531,4802508,0,Israel,https://datadashboard.health.gov.il/COVID-19/general,"Moderna, Pfizer/BioNTech",ISR
1/04/2021,10083584,5262526,4821058,0,Israel,https://datadashboard.health.gov.il/COVID-19/general,"Moderna, Pfizer/BioNTech",ISR
2/04/2021,10094419,5265337,4829082,0,Israel,https://datadashboard.health.gov.il/COVID-19/general,"Moderna, Pfizer/BioNTech",ISR
3/04/2021,10098680,5266693,4831987,0,Israel,https://datadashboard.health.gov.il/COVID-19/general,"Moderna, Pfizer/BioNTech",ISR
4/04/2021,10131000,5276249,4854751,0,Israel,https://datadashboard.health.gov.il/COVID-19/general,"Moderna, Pfizer/BioNTech",ISR
5/04/2021,10162346,5286453,4875893,0,Israel,https://datadashboard.health.gov.il/COVID-19/general,"Moderna, Pfizer/BioNTech",ISR
6/04/2021,10187786,5295274,4892512,0,Israel,https://datadashboard.health.gov.il/COVID-19/general,"Moderna, Pfizer/BioNTech",ISR
7/04/2021,10211652,5303994,4907658,0,Israel,https://datadashboard.health.gov.il/COVID-19/general,"Moderna, Pfizer/BioNTech",ISR
8/04/2021,10237704,5313196,4924508,0,Israel,https://datadashboard.health.gov.il/COVID-19/general,"Moderna, Pfizer/BioNTech",ISR
9/04/2021,10247212,5316607,4930605,0,Israel,https://datadashboard.health.gov.il/COVID-19/general,"Moderna, Pfizer/BioNTech",ISR
10/04/2021,10252192,5318129,4934063,0,Israel,https://datadashboard.health.gov.il/COVID-19/general,"Moderna, Pfizer/BioNTech",ISR
11/04/2021,10275250,5327044,4948206,0,Israel,https://datadashboard.health.gov.il/COVID-19/general,"Moderna, Pfizer/BioNTech",ISR
12/04/2021,10297064,5335778,4961286,0,Israel,https://datadashboard.health.gov.il/COVID-19/general,"Moderna, Pfizer/BioNTech",ISR
13/04/2021,10307529,5341418,4966111,0,Israel,https://datadashboard.health.gov.il/COVID-19/general,"Moderna, Pfizer/BioNTech",ISR
14/04/2021,10316145,5344873,4971272,0,Israel,https://datadashboard.health.gov.il/COVID-19/general,"Moderna, Pfizer/BioNTech",ISR
15/04/2021,10317084,5345352,4971732,0,Israel,https://datadashboard.health.gov.il/COVID-19/general,"Moderna, Pfizer/BioNTech",ISR
16/04/2021,10326813,5348577,4978236,0,Israel,https://datadashboard.health.gov.il/COVID-19/general,"Moderna, Pfizer/BioNTech",ISR
17/04/2021,10329495,5349329,4980166,0,Israel,https://datadashboard.health.gov.il/COVID-19/general,"Moderna, Pfizer/BioNTech",ISR
18/04/2021,10343853,5356310,4987543,0,Israel,https://datadashboard.health.gov.il/COVID-19/general,"Moderna, Pfizer/BioNTech",ISR
19/04/2021,10357091,5362544,4994547,0,Israel,https://datadashboard.health.gov.il/COVID-19/general,"Moderna, Pfizer/BioNTech",ISR
20/04/2021,10369909,5368620,5001289,0,Israel,https://datadashboard.health.gov.il/COVID-19/general,"Moderna, Pfizer/BioNTech",ISR
21/04/2021,10383031,5374791,5008240,0,Israel,https://datadashboard.health.gov.il/COVID-19/general,"Moderna, Pfizer/BioNTech",ISR
22/04/2021,10396326,5380565,5015761,0,Israel,https://datadashboard.health.gov.il/COVID-19/general,"Moderna, Pfizer/BioNTech",ISR
23/04/2021,10402197,5383172,5019025,0,Israel,https://datadashboard.health.gov.il/COVID-19/general,"Moderna, Pfizer/BioNTech",ISR
24/04/2021,10404112,5383861,5020251,0,Israel,https://datadashboard.health.gov.il/COVID-19/general,"Moderna, Pfizer/BioNTech",ISR
25/04/2021,10415683,5388586,5027097,0,Israel,https://datadashboard.health.gov.il/COVID-19/general,"Moderna, Pfizer/BioNTech",ISR
26/04/2021,10428788,5393932,5034856,0,Israel,https://datadashboard.health.gov.il/COVID-19/general,"Moderna, Pfizer/BioNTech",ISR
27/04/2021,10439610,5398297,5041313,0,Israel,https://datadashboard.health.gov.il/COVID-19/general,"Moderna, Pfizer/BioNTech",ISR
28/04/2021,10451088,5402626,5048462,0,Israel,https://datadashboard.health.gov.il/COVID-19/general,"Moderna, Pfizer/BioNTech",ISR
29/04/2021,10462436,5406835,5055601,0,Israel,https://datadashboard.health.gov.il/COVID-19/general,"Moderna, Pfizer/BioNTech",ISR
30/04/2021,10467247,5408597,5058650,0,Israel,https://datadashboard.health.gov.il/COVID-19/general,"Moderna, Pfizer/BioNTech",ISR
1/05/2021,10468471,5408987,5059484,0,Israel,https://datadashboard.health.gov.il/COVID-19/general,"Moderna, Pfizer/BioNTech",ISR
2/05/2021,10477613,5412146,5065467,0,Israel,https://datadashboard.health.gov.il/COVID-19/general,"Moderna, Pfizer/BioNTech",ISR
3/05/2021,10486686,5415559,5071127,0,Israel,https://datadashboard.health.gov.il/COVID-19/general,"Moderna, Pfizer/BioNTech",ISR
4/05/2021,10494654,5418966,5075688,0,Israel,https://datadashboard.health.gov.il/COVID-19/general,"Moderna, Pfizer/BioNTech",ISR
5/05/2021,10501690,5422099,5079591,0,Israel,https://datadashboard.health.gov.il/COVID-19/general,"Moderna, Pfizer/BioNTech",ISR
6/05/2021,10508109,5425561,5082548,0,Israel,https://datadashboard.health.gov.il/COVID-19/general,"Moderna, Pfizer/BioNTech",ISR
7/05/2021,10512106,5427238,5084868,0,Israel,https://datadashboard.health.gov.il/COVID-19/general,"Moderna, Pfizer/BioNTech",ISR
8/05/2021,10512725,5427419,5085306,0,Israel,https://datadashboard.health.gov.il/COVID-19/general,"Moderna, Pfizer/BioNTech",ISR
9/05/2021,10520138,5430185,5089953,0,Israel,https://datadashboard.health.gov.il/COVID-19/general,"Moderna, Pfizer/BioNTech",ISR
10/05/2021,10527464,5432958,5094506,0,Israel,https://datadashboard.health.gov.il/COVID-19/general,"Moderna, Pfizer/BioNTech",ISR
11/05/2021,10533574,5435399,5098175,0,Israel,https://datadashboard.health.gov.il/COVID-19/general,"Moderna, Pfizer/BioNTech",ISR
12/05/2021,10538543,5437240,5101303,0,Israel,https://datadashboard.health.gov.il/COVID-19/general,"Moderna, Pfizer/BioNTech",ISR
13/05/2021,10543894,5439075,5104819,0,Israel,https://datadashboard.health.gov.il/COVID-19/general,"Moderna, Pfizer/BioNTech",ISR
14/05/2021,10546036,5439865,5106171,0,Israel,https://datadashboard.health.gov.il/COVID-19/general,"Moderna, Pfizer/BioNTech",ISR
15/05/2021,10546367,5440009,5106358,0,Israel,https://datadashboard.health.gov.il/COVID-19/general,"Moderna, Pfizer/BioNTech",ISR
16/05/2021,10547952,5440448,5107504,0,Israel,https://datadashboard.health.gov.il/COVID-19/general,"Moderna, Pfizer/BioNTech",ISR
17/05/2021,10548911,5440644,5108267,0,Israel,https://datadashboard.health.gov.il/COVID-19/general,"Moderna, Pfizer/BioNTech",ISR
18/05/2021,10555563,5442474,5113089,0,Israel,https://datadashboard.health.gov.il/COVID-19/general,"Moderna, Pfizer/BioNTech",ISR
19/05/2021,10562511,5444528,5117983,0,Israel,https://datadashboard.health.gov.il/COVID-19/general,"Moderna, Pfizer/BioNTech",ISR
20/05/2021,10568376,5446653,5121723,0,Israel,https://datadashboard.health.gov.il/COVID-19/general,"Moderna, Pfizer/BioNTech",ISR
21/05/2021,10570652,5447682,5122970,0,Israel,https://datadashboard.health.gov.il/COVID-19/general,"Moderna, Pfizer/BioNTech",ISR
22/05/2021,10571126,5447830,5123296,0,Israel,https://datadashboard.health.gov.il/COVID-19/general,"Moderna, Pfizer/BioNTech",ISR
23/05/2021,10576466,5450032,5126434,0,Israel,https://datadashboard.health.gov.il/COVID-19/general,"Moderna, Pfizer/BioNTech",ISR
24/05/2021,10581934,5452020,5129914,0,Israel,https://datadashboard.health.gov.il/COVID-19/general,"Moderna, Pfizer/BioNTech",ISR
25/05/2021,10586057,5453682,5132375,0,Israel,https://datadashboard.health.gov.il/COVID-19/general,"Moderna, Pfizer/BioNTech",ISR
26/05/2021,10589661,5454927,5134734,0,Israel,https://datadashboard.health.gov.il/COVID-19/general,"Moderna, Pfizer/BioNTech",ISR
27/05/2021,10594309,5456598,5137711,0,Israel,https://datadashboard.health.gov.il/COVID-19/general,"Moderna, Pfizer/BioNTech",ISR
28/05/2021,10596213,5457239,5138974,0,Israel,https://datadashboard.health.gov.il/COVID-19/general,"Moderna, Pfizer/BioNTech",ISR
29/05/2021,10596489,5457348,5139141,0,Israel,https://datadashboard.health.gov.il/COVID-19/general,"Moderna, Pfizer/BioNTech",ISR
30/05/2021,10599895,5458901,5140994,0,Israel,https://datadashboard.health.gov.il/COVID-19/general,"Moderna, Pfizer/BioNTech",ISR
31/05/2021,10603464,5460484,5142980,0,Israel,https://datadashboard.health.gov.il/COVID-19/general,"Moderna, Pfizer/BioNTech",ISR
1/06/2021,10606378,5461688,5144690,0,Israel,https://datadashboard.health.gov.il/COVID-19/general,"Moderna, Pfizer/BioNTech",ISR
2/06/2021,10609182,5463021,5146161,0,Israel,https://datadashboard.health.gov.il/COVID-19/general,"Moderna, Pfizer/BioNTech",ISR
3/06/2021,10612029,5464552,5147477,0,Israel,https://datadashboard.health.gov.il/COVID-19/general,"Moderna, Pfizer/BioNTech",ISR
4/06/2021,10613540,5465489,5148051,0,Israel,https://datadashboard.health.gov.il/COVID-19/general,"Moderna, Pfizer/BioNTech",ISR
5/06/2021,10613729,5465604,5148125,0,Israel,https://datadashboard.health.gov.il/COVID-19/general,"Moderna, Pfizer/BioNTech",ISR
6/06/2021,10618819,5469806,5149013,0,Israel,https://datadashboard.health.gov.il/COVID-19/general,"Moderna, Pfizer/BioNTech",ISR
7/06/2021,10623756,5474061,5149695,0,Israel,https://datadashboard.health.gov.il/COVID-19/general,"Moderna, Pfizer/BioNTech",ISR
8/06/2021,10628395,5477658,5150737,0,Israel,https://datadashboard.health.gov.il/COVID-19/general,"Moderna, Pfizer/BioNTech",ISR
9/06/2021,10633030,5481125,5151905,0,Israel,https://datadashboard.health.gov.il/COVID-19/general,"Moderna, Pfizer/BioNTech",ISR
10/06/2021,10637376,5484326,5153050,0,Israel,https://datadashboard.health.gov.il/COVID-19/general,"Moderna, Pfizer/BioNTech",ISR
11/06/2021,10639055,5485583,5153472,0,Israel,https://datadashboard.health.gov.il/COVID-19/general,"Moderna, Pfizer/BioNTech",ISR
12/06/2021,10639292,5485728,5153564,0,Israel,https://datadashboard.health.gov.il/COVID-19/general,"Moderna, Pfizer/BioNTech",ISR
13/06/2021,10643516,5488779,5154737,0,Israel,https://datadashboard.health.gov.il/COVID-19/general,"Moderna, Pfizer/BioNTech",ISR
14/06/2021,10647824,5491695,5156129,0,Israel,https://datadashboard.health.gov.il/COVID-19/general,"Moderna, Pfizer/BioNTech",ISR
15/06/2021,10652029,5494683,5157346,0,Israel,https://datadashboard.health.gov.il/COVID-19/general,"Moderna, Pfizer/BioNTech",ISR
16/06/2021,10655479,5497282,5158197,0,Israel,https://datadashboard.health.gov.il/COVID-19/general,"Moderna, Pfizer/BioNTech",ISR
17/06/2021,10659099,5499857,5159242,0,Israel,https://datadashboard.health.gov.il/COVID-19/general,"Moderna, Pfizer/BioNTech",ISR
18/06/2021,10660589,5500989,5159600,0,Israel,https://datadashboard.health.gov.il/COVID-19/general,"Moderna, Pfizer/BioNTech",ISR
19/06/2021,10660815,5501136,5159679,0,Israel,https://datadashboard.health.gov.il/COVID-19/general,"Moderna, Pfizer/BioNTech",ISR
20/06/2021,10665290,5504381,5160909,0,Israel,https://datadashboard.health.gov.il/COVID-19/general,"Moderna, Pfizer/BioNTech",ISR
21/06/2021,10671448,5509459,5161989,0,Israel,https://datadashboard.health.gov.il/COVID-19/general,"Moderna, Pfizer/BioNTech",ISR
22/06/2021,10679177,5516234,5162943,0,Israel,https://datadashboard.health.gov.il/COVID-19/general,"Moderna, Pfizer/BioNTech",ISR
23/06/2021,10690887,5526801,5164086,0,Israel,https://datadashboard.health.gov.il/COVID-19/general,"Moderna, Pfizer/BioNTech",ISR
24/06/2021,10704089,5538673,5165416,0,Israel,https://datadashboard.health.gov.il/COVID-19/general,"Moderna, Pfizer/BioNTech",ISR
25/06/2021,10711822,5545619,5166203,0,Israel,https://datadashboard.health.gov.il/COVID-19/general,"Moderna, Pfizer/BioNTech",ISR
26/06/2021,10714134,5547814,5166320,0,Israel,https://datadashboard.health.gov.il/COVID-19/general,"Moderna, Pfizer/BioNTech",ISR
27/06/2021,10731028,5561353,5169675,0,Israel,https://datadashboard.health.gov.il/COVID-19/general,"Moderna, Pfizer/BioNTech",ISR
28/06/2021,10748930,5575719,5173211,0,Israel,https://datadashboard.health.gov.il/COVID-19/general,"Moderna, Pfizer/BioNTech",ISR
29/06/2021,10769053,5592270,5176783,0,Israel,https://datadashboard.health.gov.il/COVID-19/general,"Moderna, Pfizer/BioNTech",ISR
30/06/2021,10788583,5608576,5180007,0,Israel,https://datadashboard.health.gov.il/COVID-19/general,"Moderna, Pfizer/BioNTech",ISR
1/07/2021,10808504,5625247,5183239,18,Israel,https://datadashboard.health.gov.il/COVID-19/general,"Moderna, Pfizer/BioNTech",ISR
2/07/2021,10819634,5634942,5184674,18,Israel,https://datadashboard.health.gov.il/COVID-19/general,"Moderna, Pfizer/BioNTech",ISR
3/07/2021,10822481,5637544,5184919,18,Israel,https://datadashboard.health.gov.il/COVID-19/general,"Moderna, Pfizer/BioNTech",ISR
4/07/2021,10843234,5655208,5188008,18,Israel,https://datadashboard.health.gov.il/COVID-19/general,"Moderna, Pfizer/BioNTech",ISR
5/07/2021,10863856,5672933,5190903,20,Israel,https://datadashboard.health.gov.il/COVID-19/general,"Moderna, Pfizer/BioNTech",ISR
6/07/2021,10884844,5690671,5194148,25,Israel,https://datadashboard.health.gov.il/COVID-19/general,"Moderna, Pfizer/BioNTech",ISR
7/07/2021,10902767,5706047,5196686,34,Israel,https://datadashboard.health.gov.il/COVID-19/general,"Moderna, Pfizer/BioNTech",ISR
8/07/2021,10921936,5722502,5199389,45,Israel,https://datadashboard.health.gov.il/COVID-19/general,"Moderna, Pfizer/BioNTech",ISR
9/07/2021,10934312,5733536,5200731,45,Israel,https://datadashboard.health.gov.il/COVID-19/general,"Moderna, Pfizer/BioNTech",ISR
10/07/2021,10939524,5738436,5201041,47,Israel,https://datadashboard.health.gov.il/COVID-19/general,"Moderna, Pfizer/BioNTech",ISR
11/07/2021,10943694,5739831,5203815,48,Israel,https://datadashboard.health.gov.il/COVID-19/general,"Moderna, Pfizer/BioNTech",ISR
12/07/2021,10949599,5742160,5207347,92,Israel,https://datadashboard.health.gov.il/COVID-19/general,"Moderna, Pfizer/BioNTech",ISR
13/07/2021,10957872,5745017,5212646,209,Israel,https://datadashboard.health.gov.il/COVID-19/general,"Moderna, Pfizer/BioNTech",ISR
14/07/2021,10968304,5747641,5220016,647,Israel,https://datadashboard.health.gov.il/COVID-19/general,"Moderna, Pfizer/BioNTech",ISR
15/07/2021,10980651,5750508,5229127,1016,Israel,https://datadashboard.health.gov.il/COVID-19/general,"Moderna, Pfizer/BioNTech",ISR
16/07/2021,10987626,5751670,5234878,1078,Israel,https://datadashboard.health.gov.il/COVID-19/general,"Moderna, Pfizer/BioNTech",ISR
17/07/2021,10989237,5751969,5236185,1083,Israel,https://datadashboard.health.gov.il/COVID-19/general,"Moderna, Pfizer/BioNTech",ISR
18/07/2021,11001170,5753978,5245876,1316,Israel,https://datadashboard.health.gov.il/COVID-19/general,"Moderna, Pfizer/BioNTech",ISR
19/07/2021,11015896,5757081,5257046,1769,Israel,https://datadashboard.health.gov.il/COVID-19/general,"Moderna, Pfizer/BioNTech",ISR
20/07/2021,11030573,5759634,5268805,2134,Israel,https://datadashboard.health.gov.il/COVID-19/general,"Moderna, Pfizer/BioNTech",ISR
21/07/2021,11044858,5761906,5280500,2452,Israel,https://datadashboard.health.gov.il/COVID-19/general,"Moderna, Pfizer/BioNTech",ISR
22/07/2021,11061132,5764707,5293590,2835,Israel,https://datadashboard.health.gov.il/COVID-19/general,"Moderna, Pfizer/BioNTech",ISR
23/07/2021,11071222,5766638,5301654,2930,Israel,https://datadashboard.health.gov.il/COVID-19/general,"Moderna, Pfizer/BioNTech",ISR
24/07/2021,11073198,5767214,5303049,2935,Israel,https://datadashboard.health.gov.il/COVID-19/general,"Moderna, Pfizer/BioNTech",ISR
25/07/2021,11093164,5771566,5318449,3149,Israel,https://datadashboard.health.gov.il/COVID-19/general,"Moderna, Pfizer/BioNTech",ISR
26/07/2021,11111885,5776619,5331802,3464,Israel,https://datadashboard.health.gov.il/COVID-19/general,"Moderna, Pfizer/BioNTech",ISR
27/07/2021,11131084,5782015,5345198,3871,Israel,https://datadashboard.health.gov.il/COVID-19/general,"Moderna, Pfizer/BioNTech",ISR
28/07/2021,11147633,5785914,5357395,4324,Israel,https://datadashboard.health.gov.il/COVID-19/general,"Moderna, Pfizer/BioNTech",ISR
29/07/2021,11166705,5790485,5371381,4839,Israel,https://datadashboard.health.gov.il/COVID-19/general,"Moderna, Pfizer/BioNTech",ISR
30/07/2021,11184061,5793034,5382083,8944,Israel,https://datadashboard.health.gov.il/COVID-19/general,"Moderna, Pfizer/BioNTech",ISR
31/07/2021,11195049,5794396,5385563,15090,Israel,https://datadashboard.health.gov.il/COVID-19/general,"Moderna, Pfizer/BioNTech",ISR
1/08/2021,11232379,5797419,5388849,46111,Israel,https://datadashboard.health.gov.il/COVID-19/general,"Moderna, Pfizer/BioNTech",ISR
2/08/2021,11296903,5800456,5391884,104563,Israel,https://datadashboard.health.gov.il/COVID-19/general,"Moderna, Pfizer/BioNTech",ISR
3/08/2021,11382268,5803755,5395057,183456,Israel,https://datadashboard.health.gov.il/COVID-19/general,"Moderna, Pfizer/BioNTech",ISR
4/08/2021,11469509,5807214,5398150,264145,Israel,https://datadashboard.health.gov.il/COVID-19/general,"Moderna, Pfizer/BioNTech",ISR
5/08/2021,11565749,5811641,5401601,352507,Israel,https://datadashboard.health.gov.il/COVID-19/general,"Moderna, Pfizer/BioNTech",ISR
6/08/2021,11614513,5814000,5403308,397205,Israel,https://datadashboard.health.gov.il/COVID-19/general,"Moderna, Pfizer/BioNTech",ISR
7/08/2021,11643409,5814980,5403911,424518,Israel,https://datadashboard.health.gov.il/COVID-19/general,"Moderna, Pfizer/BioNTech",ISR
8/08/2021,11731394,5819966,5406919,504509,Israel,https://datadashboard.health.gov.il/COVID-19/general,"Moderna, Pfizer/BioNTech",ISR
9/08/2021,11816008,5825258,5409840,580910,Israel,https://datadashboard.health.gov.il/COVID-19/general,"Moderna, Pfizer/BioNTech",ISR
10/08/2021,11899900,5830775,5412903,656222,Israel,https://datadashboard.health.gov.il/COVID-19/general,"Moderna, Pfizer/BioNTech",ISR
11/08/2021,11970889,5836395,5415724,718770,Israel,https://datadashboard.health.gov.il/COVID-19/general,"Moderna, Pfizer/BioNTech",ISR
12/08/2021,12040442,5843381,5418914,778147,Israel,https://datadashboard.health.gov.il/COVID-19/general,"Moderna, Pfizer/BioNTech",ISR
13/08/2021,12089958,5847133,5420869,821956,Israel,https://datadashboard.health.gov.il/COVID-19/general,"Moderna, Pfizer/BioNTech",ISR
14/08/2021,12137376,5849366,5421632,866378,Israel,https://datadashboard.health.gov.il/COVID-19/general,"Moderna, Pfizer/BioNTech",ISR
15/08/2021,12246837,5856529,5426086,964222,Israel,https://datadashboard.health.gov.il/COVID-19/general,"Moderna, Pfizer/BioNTech",ISR
16/08/2021,12347760,5863504,5430700,1053556,Israel,https://datadashboard.health.gov.il/COVID-19/general,"Moderna, Pfizer/BioNTech",ISR
17/08/2021,12443467,5871062,5435726,1136679,Israel,https://datadashboard.health.gov.il/COVID-19/general,"Moderna, Pfizer/BioNTech",ISR
18/08/2021,12525689,5879687,5440229,1205773,Israel,https://datadashboard.health.gov.il/COVID-19/general,"Moderna, Pfizer/BioNTech",ISR
19/08/2021,12606658,5889736,5445355,1271567,Israel,https://datadashboard.health.gov.il/COVID-19/general,"Moderna, Pfizer/BioNTech",ISR
20/08/2021,12674394,5894452,5448059,1331883,Israel,https://datadashboard.health.gov.il/COVID-19/general,"Moderna, Pfizer/BioNTech",ISR
21/08/2021,12730019,5897949,5449553,1382517,Israel,https://datadashboard.health.gov.il/COVID-19/general,"Moderna, Pfizer/BioNTech",ISR
22/08/2021,12849554,5907844,5454312,1487398,Israel,https://datadashboard.health.gov.il/COVID-19/general,"Moderna, Pfizer/BioNTech",ISR
23/08/2021,12958579,5918845,5458639,1581095,Israel,https://datadashboard.health.gov.il/COVID-19/general,"Moderna, Pfizer/BioNTech",ISR
24/08/2021,13073134,5930663,5463247,1679224,Israel,https://datadashboard.health.gov.il/COVID-19/general,"Moderna, Pfizer/BioNTech",ISR
25/08/2021,13186401,5940399,5467612,1778390,Israel,https://datadashboard.health.gov.il/COVID-19/general,"Moderna, Pfizer/BioNTech",ISR
26/08/2021,13302381,5950559,5472572,1879250,Israel,https://datadashboard.health.gov.il/COVID-19/general,"Moderna, Pfizer/BioNTech",ISR
27/08/2021,13365917,5954872,5475260,1935785,Israel,https://datadashboard.health.gov.il/COVID-19/general,"Moderna, Pfizer/BioNTech",ISR
28/08/2021,13404487,5958577,5476687,1969223,Israel,https://datadashboard.health.gov.il/COVID-19/general,"Moderna, Pfizer/BioNTech",ISR
29/08/2021,13500059,5968992,5482572,2048495,Israel,https://datadashboard.health.gov.il/COVID-19/general,"Moderna, Pfizer/BioNTech",ISR
30/08/2021,13635002,5981396,5489481,2164125,Israel,https://datadashboard.health.gov.il/COVID-19/general,"Moderna, Pfizer/BioNTech",ISR
31/08/2021,13768037,5993568,5495892,2278577,Israel,https://datadashboard.health.gov.il/COVID-19/general,"Moderna, Pfizer/BioNTech",ISR
1/09/2021,13894977,6002692,5501800,2390485,Israel,https://datadashboard.health.gov.il/COVID-19/general,"Moderna, Pfizer/BioNTech",ISR
2/09/2021,14022034,6011558,5508873,2501603,Israel,https://datadashboard.health.gov.il/COVID-19/general,"Moderna, Pfizer/BioNTech",ISR
3/09/2021,14088502,6015286,5512882,2560334,Israel,https://datadashboard.health.gov.il/COVID-19/general,"Moderna, Pfizer/BioNTech",ISR
4/09/2021,14123014,6017969,5514841,2590204,Israel,https://datadashboard.health.gov.il/COVID-19/general,"Moderna, Pfizer/BioNTech",ISR
5/09/2021,14209533,6025073,5521250,2663210,Israel,https://datadashboard.health.gov.il/COVID-19/general,"Moderna, Pfizer/BioNTech",ISR
6/09/2021,14237670,6027888,5523867,2685915,Israel,https://datadashboard.health.gov.il/COVID-19/general,"Moderna, Pfizer/BioNTech",ISR
7/09/2021,14244983,6029060,5524662,2691261,Israel,https://datadashboard.health.gov.il/COVID-19/general,"Moderna, Pfizer/BioNTech",ISR
8/09/2021,14254019,6030421,5525776,2697822,Israel,https://datadashboard.health.gov.il/COVID-19/general,"Moderna, Pfizer/BioNTech",ISR
9/09/2021,14347157,6037582,5538231,2771344,Israel,https://datadashboard.health.gov.il/COVID-19/general,"Moderna, Pfizer/BioNTech",ISR
10/09/2021,14393114,6040822,5543154,2809138,Israel,https://datadashboard.health.gov.il/COVID-19/general,"Moderna, Pfizer/BioNTech",ISR
11/09/2021,14412415,6042935,5545599,2823881,Israel,https://datadashboard.health.gov.il/COVID-19/general,"Moderna, Pfizer/BioNTech",ISR
12/09/2021,14481028,6049112,5554123,2877793,Israel,https://datadashboard.health.gov.il/COVID-19/general,"Moderna, Pfizer/BioNTech",ISR
13/09/2021,14542580,6054831,5562275,2925474,Israel,https://datadashboard.health.gov.il/COVID-19/general,"Moderna, Pfizer/BioNTech",ISR
14/09/2021,14603551,6059822,5569612,2974117,Israel,https://datadashboard.health.gov.il/COVID-19/general,"Moderna, Pfizer/BioNTech",ISR
15/09/2021,14624530,6061549,5572259,2990722,Israel,https://datadashboard.health.gov.il/COVID-19/general,"Moderna, Pfizer/BioNTech",ISR
16/09/2021,14627043,6061863,5572745,2992435,Israel,https://datadashboard.health.gov.il/COVID-19/general,"Moderna, Pfizer/BioNTech",ISR
17/09/2021,14680420,6065554,5579675,3035191,Israel,https://datadashboard.health.gov.il/COVID-19/general,"Moderna, Pfizer/BioNTech",ISR
18/09/2021,14698308,6067804,5582570,3047934,Israel,https://datadashboard.health.gov.il/COVID-19/general,"Moderna, Pfizer/BioNTech",ISR
19/09/2021,14759123,6073841,5593239,3092043,Israel,https://datadashboard.health.gov.il/COVID-19/general,"Moderna, Pfizer/BioNTech",ISR
20/09/2021,14783522,6077073,5597816,3108633,Israel,https://datadashboard.health.gov.il/COVID-19/general,"Moderna, Pfizer/BioNTech",ISR
21/09/2021,14790216,6078378,5599806,3112032,Israel,https://datadashboard.health.gov.il/COVID-19/general,"Moderna, Pfizer/BioNTech",ISR
22/09/2021,14826603,6082654,5606994,3136955,Israel,https://datadashboard.health.gov.il/COVID-19/general,"Moderna, Pfizer/BioNTech",ISR
23/09/2021,14864513,6087066,5612825,3164622,Israel,https://datadashboard.health.gov.il/COVID-19/general,"Moderna, Pfizer/BioNTech",ISR
24/09/2021,14899404,6090255,5616929,3192220,Israel,https://datadashboard.health.gov.il/COVID-19/general,"Moderna, Pfizer/BioNTech",ISR
25/09/2021,14914056,6092334,5619141,3202581,Israel,https://datadashboard.health.gov.il/COVID-19/general,"Moderna, Pfizer/BioNTech",ISR
26/09/2021,14961767,6097996,5625072,3238699,Israel,https://datadashboard.health.gov.il/COVID-19/general,"Moderna, Pfizer/BioNTech",ISR
27/09/2021,15001160,6102684,5629459,3269017,Israel,https://datadashboard.health.gov.il/COVID-19/general,"Moderna, Pfizer/BioNTech",ISR
28/09/2021,15009912,6104131,5630605,3275176,Israel,https://datadashboard.health.gov.il/COVID-19/general,"Moderna, Pfizer/BioNTech",ISR
29/09/2021,15087984,6113839,5638891,3335254,Israel,https://datadashboard.health.gov.il/COVID-19/general,"Moderna, Pfizer/BioNTech",ISR
30/09/2021,15186882,6124922,5647366,3414594,Israel,https://datadashboard.health.gov.il/COVID-19/general,"Moderna, Pfizer/BioNTech",ISR
1/10/2021,15242118,6130075,5651142,3460901,Israel,https://datadashboard.health.gov.il/COVID-19/general,"Moderna, Pfizer/BioNTech",ISR
2/10/2021,15269414,6132949,5653232,3483233,Israel,https://datadashboard.health.gov.il/COVID-19/general,"Moderna, Pfizer/BioNTech",ISR
3/10/2021,15358891,6144722,5660453,3553716,Israel,https://datadashboard.health.gov.il/COVID-19/general,"Moderna, Pfizer/BioNTech",ISR
4/10/2021,15427588,6155072,5667142,3605374,Israel,https://datadashboard.health.gov.il/COVID-19/general,"Moderna, Pfizer/BioNTech",ISR
5/10/2021,15481541,6163551,5672380,3645610,Israel,https://datadashboard.health.gov.il/COVID-19/general,"Moderna, Pfizer/BioNTech",ISR
6/10/2021,15527082,6171192,5676477,3679413,Israel,https://datadashboard.health.gov.il/COVID-19/general,"Moderna, Pfizer/BioNTech",ISR
7/10/2021,15571801,6178174,5680425,3713202,Israel,https://datadashboard.health.gov.il/COVID-19/general,"Moderna, Pfizer/BioNTech",ISR
8/10/2021,15596524,6181280,5682987,3732257,Israel,https://datadashboard.health.gov.il/COVID-19/general,"Moderna, Pfizer/BioNTech",ISR
9/10/2021,15606624,6182614,5684384,3739626,Israel,https://datadashboard.health.gov.il/COVID-19/general,"Moderna, Pfizer/BioNTech",ISR
10/10/2021,15636337,6187277,5688071,3760989,Israel,https://datadashboard.health.gov.il/COVID-19/general,"Moderna, Pfizer/BioNTech",ISR
11/10/2021,15660508,6191497,5690930,3778081,Israel,https://datadashboard.health.gov.il/COVID-19/general,"Moderna, Pfizer/BioNTech",ISR
12/10/2021,15682387,6195341,5693789,3793257,Israel,https://datadashboard.health.gov.il/COVID-19/general,"Moderna, Pfizer/BioNTech",ISR
13/10/2021,15701354,6198625,5696096,3806633,Israel,https://datadashboard.health.gov.il/COVID-19/general,"Moderna, Pfizer/BioNTech",ISR
14/10/2021,15723832,6202228,5698625,3822979,Israel,https://datadashboard.health.gov.il/COVID-19/general,"Moderna, Pfizer/BioNTech",ISR
15/10/2021,15735692,6203709,5700141,3831842,Israel,https://datadashboard.health.gov.il/COVID-19/general,"Moderna, Pfizer/BioNTech",ISR
16/10/2021,15741234,6204411,5701020,3835803,Israel,https://datadashboard.health.gov.il/COVID-19/general,"Moderna, Pfizer/BioNTech",ISR
17/10/2021,15759044,6207219,5703367,3848458,Israel,https://datadashboard.health.gov.il/COVID-19/general,"Moderna, Pfizer/BioNTech",ISR
18/10/2021,15772668,6209434,5704878,3858356,Israel,https://datadashboard.health.gov.il/COVID-19/general,"Moderna, Pfizer/BioNTech",ISR
19/10/2021,15785160,6211601,5706041,3867518,Israel,https://datadashboard.health.gov.il/COVID-19/general,"Moderna, Pfizer/BioNTech",ISR
20/10/2021,15799236,6213727,5708111,3877398,Israel,https://datadashboard.health.gov.il/COVID-19/general,"Moderna, Pfizer/BioNTech",ISR
21/10/2021,15816682,6216419,5710935,3889328,Israel,https://datadashboard.health.gov.il/COVID-19/general,"Moderna, Pfizer/BioNTech",ISR
22/10/2021,15824682,6217513,5712208,3894961,Israel,https://datadashboard.health.gov.il/COVID-19/general,"Moderna, Pfizer/BioNTech",ISR
23/10/2021,15828816,6217982,5713376,3897458,Israel,https://datadashboard.health.gov.il/COVID-19/general,"Moderna, Pfizer/BioNTech",ISR
24/10/2021,15843113,6220148,5715793,3907172,Israel,https://datadashboard.health.gov.il/COVID-19/general,"Moderna, Pfizer/BioNTech",ISR
25/10/2021,15856058,6222551,5718253,3915254,Israel,https://datadashboard.health.gov.il/COVID-19/general,"Moderna, Pfizer/BioNTech",ISR
